Workbook
Name Connection_Type: #REF!
Name Connection_Type: 'Drill Size Info'!$C$2:$C$49
Name Contractor_Name: #REF!
Name Contractor_Name: 'Contractor-Operator'!$C$2:$C$19
Name DynPrint_DP: OFFSET(#REF!,1,1,COUNTA(#REF!),48)
Name DynPrint_DP: OFFSET('Prop Drill Pipe Inp Report'!$A$1,1,1,COUNTA('Prop Drill Pipe Inp Report'!$F$2:$F99999),48)
Name DynPrint_HWDP: OFFSET(#REF!,1,1,COUNTA(#REF!),48)
Name DynPrint_HWDP: OFFSET('Prop Subs Inp Report'!$A$1,1,1,COUNTA('Prop Subs Inp Report'!$B$2:$C9999),48)
Name DynPrint_HWDP: OFFSET('Prop HWDP Inp Report'!$A$1,1,1,COUNTA('Prop HWDP Inp Report'!$B$2:$C9999),48)
Name DynPrint_Subs: OFFSET(#REF!,1,1,COUNTA(#REF!),48)
Name Grade: #REF!
Name Grade: 'Summary Drill Pipe'!$E$8
Name Machine_Shop: #REF!
Name Machine_Shop: 'Shop List'!$A$2:$A$12
Name Operator_Name: #REF!
Name Operator_Name: 'Contractor-Operator'!$A$2:$A$100
Name Size: #REF!
Name Size: 'Summary Drill Pipe'!$A$8
Name UT_Thickness: #REF!
Name UT_Thickness: 'Prop Drill Pipe Inp Report'!$F$9:$F$1048576
Name Weight: 'Summary Drill Pipe'!$B$8

Sheet DATA SHEET
P1: Save a copy before typing
A2: Operator: | D2: DRILL PIPE INSPECTION | G2: Reface
A3: Contractor: | D3: CATEGORY | E3: Cat 4 | G3: Cat 2 | I3: TH-Hill DS-1 Vol 3 CAT 2 - 5th Edition: Clean and Visual Ends only | P3: Please Don’t Delete Any Tabs
A4: Rig Number: | G4: Cat 2 w/Blacklight | I4: TH-Hill DS-1 Vol 3 CAT 2 - 5th Edition: Clean and Visual Ends w/MPI Blacklight
A5: Date: | D5: ADDITIONAL | E5: , Actual OD's, ID's, and Tong Space | G5: Cat 3 | I5: TH-Hill DS-1 Vol 3 CAT 3 - 5th Edition: Clean and Visual Ends w/EMI of Tubes | P5: Refacing options available under Category
A6: Field Invoice: | G6: Cat 3-5 | I6: TH-Hill DS-1 Vol 3 CAT 3-5 - 5th Edition: Clean and Visual Ends w/Buff and Powder
A7: Inspection Crew: | D7: ADDITIONAL | G7: Cat 4 | I7: TH-Hill DS-1 Vol 3 CAT 4 - 5th Edition: Clean and Visual Ends | P7: If connection type not on list leave in blank cell under grade
G8: Cat 4 w/Blacklight | I8: TH-Hill DS-1 Vol 3 CAT 4 - 5th Edition: Clean and Visual Ends w/Blacklight
A9: Connection Size | D9: HWDP INSPECTION | G9: Cat 5 | I9: TH-Hill DS-1 Vol 3 CAT 5 - 5th Edition: Clean and Visual Ends
A10: Connection Type: | D10: CATEGORY | G10: API RP 7G | I10: API RP 7G
A11: Grade | G11: Lathe reface
D12: ADDITIONAL | G12: , Actual OD's, ID's, and Tong Space
A13: State | G13: Excluding Bevel Diameter
D14: ADDITIONAL
D16: SUBS INSPECTION
D17: CATEGORY
D19: ADDITIONAL
D21: ADDITIONAL

Sheet Drill Size Info
A1: Connection | B1: Min OD | C1: Max ID | D1: Box Tong | E1: Pin Tong | F1: Box CL Min | G1: Box CL Max | H1: Pin CL Min | I1: Pin CL Max | J1: Reface | K1: API, Propriatary, Lathe | T1: SIZE | U1: WT | W1: WEIGHT | X1: GRADE
A2: 4.5 IF | B2: 6.3125 | C2: 3.40625 | D2: 6.125 | E2: 4.71875 | J2: In Field | K2: API | P2: " HWDP | T2: 4 | U2: 0.33 | V2: =0.8*U2 -> 0.264 | W2: 14 | X2: E-75
A3: 4.5 XH | B3: 5.78125 | C3: 3.15625 | D3: 6.125 | E3: 4.34375 | J3: In Field | T3: 4.5 | U3: 0.337 | V3: =0.8*U3 -> 0.2696 | W3: 16.6 | X3: X-95
A4: 4.5 XO | J4: In Field | T4: 4.75 | U4: 0.35 | V4: =0.8*U4 -> 0.28 | W4: 19.2 | X4: G-105
A5: 5.5 FH | B5: 6.75 | C5: 4.25 | D5: 6.625 | E5: 5.046875 | J5: In Field | T5: 5 | U5: 0.362 | V5: =0.8*U5 -> 0.2896 | W5: 19.5 | X5: S-135
A6: CET 43 | B6: 5.117 | C6: 3.063 | D6: 6 | E6: 6 | F6: 4.495 | G6: 4.509 | H6: 4.492 | I6: 4.505 | J6: In Field | K6: P | T6: 5.25 | U6: 0.362 | V6: =0.8*U6 -> 0.2896 | X6: V-150
A7: CET 50 | B7: 5.95 | C7: 3.813 | D7: 6 | E7: 6 | F7: 4.495 | G7: 4.509 | H7: 4.492 | I7: 4.505 | J7: In Field | K7: p | T7: 5.5 | U7: 0.361 | V7: =0.8*U7 -> 0.2888 | W7: 21.9
A8: Delta 391 | B8: 4.575 | C8: 2.688 | D8: 6.5 | E8: 6 | F8: 4.436 | G8: 4.443 | H8: 4.429 | I8: 4.438 | J8: In Field | K8: P | T8: 5.5 | U8: 0.415 | V8: =0.8*U8 -> 0.332 | W8: 24.7
A9: Delta 425 | B9: 4.983 | C9: 3 | D9: 6.5 | E9: 6 | F9: 4.561 | G9: 4.568 | H9: 4.554 | I9: 4.563 | J9: In Field
A10: Delta 544 | B10: 6.232 | C10: 4 | D10: 6.5 | E10: 6 | F10: 5.123 | G10: 5.13 | H10: 5.116 | I10: 5.125 | J10: In Field Lathe
A11: DS 38 | B11: 4.57 | C11: 2.438 | D11: 6.5 | E11: 6 | F11: 4.402 | G11: 4.413 | H11: 4.396 | I11: 4.407 | J11: In Field
A12: DS 40 | B12: 4.836 | C12: 2.438 | D12: 6.5 | E12: 6 | F12: 4.915 | G12: 4.927 | H12: 4.907 | I12: 4.918 | J12: In Field | K12: P
A13: DS 42 | B13: 5.145 | C13: 2.75 | D13: 6.5 | E13: 6 | F13: 4.749 | G13: 4.76 | H13: 4.744 | I13: 4.755 | J13: In Field
A14: DS 50 | B14: 5.93 | C14: 3.25 | D14: 6.5 | E14: 6 | F14: 4.915 | G14: 4.927 | H14: 4.907 | I14: 4.918
A15: DS 55 | B15: 6.611 | C15: 4 | D15: 6.5 | E15: 6 | F15: 5.426 | G15: 5.437 | H15: 5.42 | I15: 5.431 | J15: In Field Lathe | K15: L
A16: UGPDS 55 | B16: 6.532 | C16: 4 | D16: 6.5 | E16: 6 | F16: 5.426 | G16: 5.437 | H16: 5.42 | I16: 5.431 | J16: In Field Lathe | K16: L
A17: Everdrill 46 | J17: Machine Shop | K17: L
A18: Everdrill 49 | J18: Machine Shop | K18: L
A19: Everdrill 54 | J19: Machine Shop | K19: L
A20: NC-46 | J20: In Field | K20: API
A21: NC-56 | J21: Machine Shop | K21: API
A22: NC-50 | B22: 6.3125 | C22: 3.40625 | D22: 6.125 | E22: 4.71875 | J22: In Field | K22: API
A23: Ptech-43 | B23: 4.969 | C23: 3.25 | D23: 6.5 | E23: 6.5 | F23: 4.455 | G23: 4.465 | H23: 4.446 | I23: 4.455
A24: Ptech-39 | B24: 4.531 | C24: 2.7035 | D24: 6.125 | E24: 6.125 | F24: 4.125 | G24: 4.135 | H24: 4.116 | I24: 4.125 | J24: In Field Lathe | K24: L
A25: Ptech-43 | J25: In Field Lathe | K25: L
A26: Ptech-55 | B26: 6.141 | C26: 4.25 | D26: 6.625 | E26: 6.625 | F26: 4.65 | G26: 4.66 | H26: 4.641 | I26: 4.65 | J26: In Field Lathe | K26: L
A27: XT-39 | B27: 4.653 | C27: 2.563 | D27: 8 | E27: 6 | F27: 4.498 | G27: 4.503 | H27: 4.491 | I27: 4.5 | J27: In Field | K27: P
A28: XT-50 | B28: 6.065 | C28: 3.75 | D28: 8.31 | E28: 6 | F28: 7.305 | G28: 7.31 | H28: 7.291 | I28: 7.3
A29: XT-54 | B29: 6.313 | C29: 4 | D29: 8.01 | E29: 6 | F29: 7.005 | G29: 7.01 | H29: 6.991 | I29: 7 | J29: In Field | K29: P
A30: AOH
A31: HLNST 54
A32: Delta 471
A33: CET 54

Sheet Summary Drill Pipe
A1: Operator: | C1: ='DATA SHEET'!B2 -> 0 | F1: ='DATA SHEET'!$B$13 -> 0
A2: Contractor: | C2: =CONCATENATE('DATA SHEET'!B3," ",'DATA SHEET'!B4)
A3: Date: | C3: ='DATA SHEET'!B5 -> 0
A4: Field Invoice: | C4: ='DATA SHEET'!B6 -> 0
A5: Inspection Crew: | C5: ='DATA SHEET'!B7 -> 0
A6: Inspection Type | C6: =IFERROR(CONCATENATE(VLOOKUP('DATA SHEET'!$E$3,'DATA SHEET'!$G$3:$I$10,3,FALSE),'DATA SHEET'!$E$5, 'DATA SHEET'!$E$7),"") -> TH-Hill DS-1 Vol 3 CAT 4 - 5th Edition: Clean and Visual Ends, Actual OD's, ID's, and Tong Space
A7: Size | B7: Weight | C7: Connection Type | E7: Grade
A8: ='DATA SHEET'!B9 -> 0 | B8: =VLOOKUP(A8,'Drill Size Info'!$T$2:$W$7,4,FALSE) -> #N/A | C8: ='DATA SHEET'!B10 -> 0 | E8: ='DATA SHEET'!B11 -> 0
A10: Machine Shop | C10: Contact | D10: Number
A11: N/A | C11: =VLOOKUP($A$11,'Shop List'!$A$2:$D$9,3,FALSE) -> N/A | D11: =VLOOKUP($A$11,'Shop List'!$A$2:$D$9,4,FALSE) -> N/A | L11: Drill Pipe
A14: Inspection Summary
A15: Premium: | C15: =J15-C17 -> 0 | H15: Joints Inspected: | J15: =COUNTA('Prop Drill Pipe Inp Report'!F9:F1048576) -> 0
D16: Max Calculated Tensile Load | G16: =IF(Grade="S-135",135*(PI()*((Size/2)^2-((Size/2)-MIN(UT_Thickness))^2)),IF(Grade="G-105",105*(PI()*((Size/2)^2-((Size/2)-MIN(UT_Thickness))^2)),IF(Grade="X-95",95*(PI()*((Size/2)^2-((Size/2)-MIN(UT_Thickness))^2)),IF(Grade="V-150",150*(PI()*((Size/2)^2-((Size/2)-MIN(UT_Thickness))^2)),IF(Grade="E-75",75*(PI()*((Size/2)^2-((Size/2)-MIN(UT_Thickness))^2)))))))*1000 -> 0 | H16: Joints Rig Ready: | J16: =J15-J17-C17 -> 0
A17: DBR: | C17: =SUMIF('Data Sheet DP'!J2:J2500,"<>#REF!") -> 0 | H17: Joints to Machine Shop: | J17: =SUMIF('Data Sheet DP'!I2:I2500,"<>#REF!") -> 0
A19: Field Repair | F19: Total Hardbands: | G19: =SUM(I20:K20) -> 0 | I19: Box | K19: Pin
A20: Refaces: | I20: ='Prop Drill Pipe Inp Report'!AU7 -> 0 | K20: ='Prop Drill Pipe Inp Report'!AX7 -> 0
A21: Box: | D21: Pin: | F21: Damaged Hardband: | G21: =SUM(I22:K22) -> 0 | I21: Box: | K21: Pin:
A22: ='Prop Drill Pipe Inp Report'!Z7 -> 0 | D22: ='Prop Drill Pipe Inp Report'!AB7 -> 0 | I22: ='Prop Drill Pipe Inp Report'!AS7 -> 0 | K22: ='Prop Drill Pipe Inp Report'!AT7 -> 0
A23: Pin Nose Repair: | D23: 0 | F23: DBR Hardband: | G23: =SUM(I24:K24) -> 0 | I23: Box: | K23: Pin:
I24: ='Prop Drill Pipe Inp Report'!AY7 -> 0 | K24: ='Prop Drill Pipe Inp Report'!AZ7 -> 0
A54: Remarks:

Sheet Prop Drill Pipe Inp Report
B2: Operator: | F2: ='DATA SHEET'!B2 -> 0 | AD2: Pathfinder Inspections and Field Services LLC
B3: Rig Name & Number: | F3: ='Summary Drill Pipe'!C2 | H3: Field Invoice: | K3: ='Summary Drill Pipe'!C4 -> 0 | AD3: Physical Address | AJ3: 7501 Groening Street, Odessa TX 79765 | BY3: need to insert dimensions from DS-1 like our inspection reports
B4: Date: | F4: ='Summary Drill Pipe'!C3 -> 0 | H4: Inspector/Crew: | K4: ='Summary Drill Pipe'!C5 -> 0 | AD4: Mailing Address | AJ4: PO Box 3889, Gillette, WY 82717
B5: Connection: | D5: ='Summary Drill Pipe'!C8 -> 0 | F5: Size: | G5: =Size -> 0 | H5: Grade | K5: ='Summary Drill Pipe'!E8 -> 0 | AD5: Contact Info | AJ5: Jana Streitz - Owner, (C) 406-579-2672
D6: Dimensional | Z6: Refaces | AD6: Damages
B7: Identification | D7: Tube | H7: Tool Joint | J7: Bevel Dia. | L7: Tong Spa. | Z7: =COUNTA(Z9:Z1008) -> 0 | AB7: =COUNTA(AB9:AB1008) -> 0 | AD7: =COUNTA(AD9:AD1008) -> 0 | AE7: =COUNTA(AE9:AE1008) -> 0 | AF7: =COUNTA(AF9:AF1008) -> 0 | AG7: =COUNTA(AG9:AG1008) -> 0 | AH7: =COUNTA(AH9:AH1008) -> 0 | AI7: =COUNTA(AI9:AI1008) -> 0 | AJ7: =COUNTA(AJ9:AJ1008) -> 0 | AK7: =COUNTA(AK9:AK1008) -> 0 | ... BM7: =COUNTA(BM9:BM1008) -> 0 | BZ7: =SUM(BZ9:BZ872) -> 0 | CA7: =SUM(CA9:CA872) -> 0 | CB7: =SUM(CB9:CB872) -> 0 | CC7: =SUM(CC9:CC872) -> 0 | CD7: =SUM(CD9:CD872) -> 0 | CE7: =SUM(CE9:CE872) -> 0 | CF7: =SUM(CF9:CF872) -> 0 | CG7: =SUM(CG9:CG872) -> 0 | ... DK7: =SUM(DK9:DK872) -> 0
B8: Joint #: | C8: Serial #: | D8: OD Gage: | E8: Nominal Wall Thickness: | F8: UT Thickness: | G8: % of Nom Wall: | H8: Box OD: | I8: Pin ID: | J8: Box: | K8: Pin: | L8: Box: | M8: Pin: | N8: Boreback Dia: | O8: Boreback Length: | P8: Stress Relief Groove Diameter: | Q8: Stress Relief Groove Length: | R8: C"Bore Depth: | S8: C"Bore Dia: | T8: Seal Width: | U8: Pin Nose Diameter: | V8: Box Critical Length: | W8: Length After Repair: | X8: Pin Critical Length: | Y8: Length After Repair: | Z8: Box Reface | AA8: Reface Type Box: | AB8: Pin Reface | AC8: Reface Type Pin: | AD8: Damaged Seal Box: | AE8: Damaged Seal Pin: | AF8: Damaged Threads Box: | AG8: Damaged Threads Pin: | AH8: Damaged Torque Shoulder Box: | AI8: Damaged Torque Shoulder Pin: | AJ8: Pitted Box: | AK8: Pitted Pin: | AL8: Over Refaced Box: | AM8: Over Refaced Pin: | AN8: Bent Tube: | AO8: Other Damage: | AP8: Other Damage: | AQ8: Other Damage: | AR8: Other Damage: | AS8: Damaged Hardband Box: | AT8: Damaged Hardband Pin: | AU8: Hardband Box: | AV8: Hardband Centerpad #1: | AW8: Hardband Centerpad #2: | AX8: Hardband Pin: | AY8: DBR Hardband Box: | AZ8: DBR Hardband Pin: | BA8: Minimum Wall Tube: | BB8: Min Tong Box: | BC8: Min Tong Pin: | BD8: Min Seal Box: | BE8: Min Seal Pin: | BF8: Minimum OD: | BG8: Damaged Tube: | BH8: EMI Reject: | BI8: Other: | BJ8: Box - Thread Recondition: | BK8: Pin - Thread Recondition: | BL8: Box - Bevel Repair: | BM8: Pin - Bevel Repair: | BP8: Letters | BQ8: Numbers | BR8: Letters | BS8: Numbers | BZ8: =Z8 -> Box Reface | CA8: =AB8 -> Pin Reface | CB8: =AD8 -> Damaged Seal Box: | CC8: =AE8 -> Damaged Seal Pin: | CD8: =AF8 -> Damaged Threads Box: | CE8: =AG8 -> Damaged Threads Pin: | CF8: =AH8 -> Damaged Torque Shoulder Box: | CG8: =AI8 -> Damaged Torque Shoulder Pin: | CH8: =AJ8 -> Pitted Box: | CI8: =AK8 -> Pitted Pin: | ... DK8: =BM8 -> Pin - Bevel Repair:
B9: 1 | BT9: =CONCATENATE(BP9,BQ9,BR9,BS9) | BZ9: =IF(Z9="x",1,0) -> 0 | CA9: =IF(AB9="x",1,0) -> 0 | CB9: =IF(AD9="x",1,0) -> 0 | CC9: =IF(AE9="x",1,0) -> 0 | CD9: =IF(AF9="x",1,0) -> 0 | CE9: =IF(AG9="x",1,0) -> 0 | CF9: =IF(AH9="x",1,0) -> 0 | CG9: =IF(AI9="x",1,0) -> 0 | CH9: =IF(AJ9="x",1,0) -> 0 | CI9: =IF(AK9="x",1,0) -> 0 | ... DK9: =IF(BM9="x",1,0) -> 0 | DL9: {=Z9:BI9} -> 0 | DM9: 0 | DN9: 0 | DO9: 0 | DP9: 0 | DQ9: 0 | DR9: 0 | DS9: 0 | DT9: 0 | DU9: 0 | DV9: 0 | DW9: 0 | DX9: 0 | DY9: 0 | DZ9: 0 | EA9: 0 | EB9: 0 | EC9: 0 | ED9: 0 | EE9: 0 | EF9: 0 | EG9: 0 | EH9: 0 | EI9: 0 | EJ9: 0 | EK9: 0 | EL9: 0 | EM9: 0 | EN9: 0 | EO9: 0 | EP9: 0 | EQ9: 0 | ER9: 0 | ES9: 0 | ET9: 0 | EU9: 0
B10: 2 | BT10: =CONCATENATE(BP10,BQ10,BR10,BS10) | BZ10: =IF(Z10="x",1,0) -> 0 | CA10: =IF(AB10="x",1,0) -> 0 | CB10: =IF(AD10="x",1,0) -> 0 | CC10: =IF(AE10="x",1,0) -> 0 | CD10: =IF(AF10="x",1,0) -> 0 | CE10: =IF(AG10="x",1,0) -> 0 | CF10: =IF(AH10="x",1,0) -> 0 | CG10: =IF(AI10="x",1,0) -> 0 | CH10: =IF(AJ10="x",1,0) -> 0 | CI10: =IF(AK10="x",1,0) -> 0 | ... DK10: =IF(BM10="x",1,0) -> 0
B11: 3 | BT11: =CONCATENATE(BP11,BQ11,BR11,BS11) | BZ11: =IF(Z11="x",1,0) -> 0 | CA11: =IF(AB11="x",1,0) -> 0 | CB11: =IF(AD11="x",1,0) -> 0 | CC11: =IF(AE11="x",1,0) -> 0 | CD11: =IF(AF11="x",1,0) -> 0 | CE11: =IF(AG11="x",1,0) -> 0 | CF11: =IF(AH11="x",1,0) -> 0 | CG11: =IF(AI11="x",1,0) -> 0 | CH11: =IF(AJ11="x",1,0) -> 0 | CI11: =IF(AK11="x",1,0) -> 0 | ... DK11: =IF(BM11="x",1,0) -> 0
B12: 4 | BT12: =CONCATENATE(BP12,BQ12,BR12,BS12) | BZ12: =IF(Z12="x",1,0) -> 0 | CA12: =IF(AB12="x",1,0) -> 0 | CB12: =IF(AD12="x",1,0) -> 0 | CC12: =IF(AE12="x",1,0) -> 0 | CD12: =IF(AF12="x",1,0) -> 0 | CE12: =IF(AG12="x",1,0) -> 0 | CF12: =IF(AH12="x",1,0) -> 0 | CG12: =IF(AI12="x",1,0) -> 0 | CH12: =IF(AJ12="x",1,0) -> 0 | CI12: =IF(AK12="x",1,0) -> 0 | ... DK12: =IF(BM12="x",1,0) -> 0
B13: 5 | BT13: =CONCATENATE(BP13,BQ13,BR13,BS13) | BZ13: =IF(Z13="x",1,0) -> 0 | CA13: =IF(AB13="x",1,0) -> 0 | CB13: =IF(AD13="x",1,0) -> 0 | CC13: =IF(AE13="x",1,0) -> 0 | CD13: =IF(AF13="x",1,0) -> 0 | CE13: =IF(AG13="x",1,0) -> 0 | CF13: =IF(AH13="x",1,0) -> 0 | CG13: =IF(AI13="x",1,0) -> 0 | CH13: =IF(AJ13="x",1,0) -> 0 | CI13: =IF(AK13="x",1,0) -> 0 | ... DK13: =IF(BM13="x",1,0) -> 0
B14: 6 | BT14: =CONCATENATE(BP14,BQ14,BR14,BS14) | BZ14: =IF(Z14="x",1,0) -> 0 | CA14: =IF(AB14="x",1,0) -> 0 | CB14: =IF(AD14="x",1,0) -> 0 | CC14: =IF(AE14="x",1,0) -> 0 | CD14: =IF(AF14="x",1,0) -> 0 | CE14: =IF(AG14="x",1,0) -> 0 | CF14: =IF(AH14="x",1,0) -> 0 | CG14: =IF(AI14="x",1,0) -> 0 | CH14: =IF(AJ14="x",1,0) -> 0 | CI14: =IF(AK14="x",1,0) -> 0 | ... DK14: =IF(BM14="x",1,0) -> 0
B15: 7 | BT15: =CONCATENATE(BP15,BQ15,BR15,BS15) | BZ15: =IF(Z15="x",1,0) -> 0 | CA15: =IF(AB15="x",1,0) -> 0 | CB15: =IF(AD15="x",1,0) -> 0 | CC15: =IF(AE15="x",1,0) -> 0 | CD15: =IF(AF15="x",1,0) -> 0 | CE15: =IF(AG15="x",1,0) -> 0 | CF15: =IF(AH15="x",1,0) -> 0 | CG15: =IF(AI15="x",1,0) -> 0 | CH15: =IF(AJ15="x",1,0) -> 0 | CI15: =IF(AK15="x",1,0) -> 0 | ... DK15: =IF(BM15="x",1,0) -> 0
B16: 8 | BT16: =CONCATENATE(BP16,BQ16,BR16,BS16) | BZ16: =IF(Z16="x",1,0) -> 0 | CA16: =IF(AB16="x",1,0) -> 0 | CB16: =IF(AD16="x",1,0) -> 0 | CC16: =IF(AE16="x",1,0) -> 0 | CD16: =IF(AF16="x",1,0) -> 0 | CE16: =IF(AG16="x",1,0) -> 0 | CF16: =IF(AH16="x",1,0) -> 0 | CG16: =IF(AI16="x",1,0) -> 0 | CH16: =IF(AJ16="x",1,0) -> 0 | CI16: =IF(AK16="x",1,0) -> 0 | ... DK16: =IF(BM16="x",1,0) -> 0
B17: 9 | BT17: =CONCATENATE(BP17,BQ17,BR17,BS17) | BZ17: =IF(Z17="x",1,0) -> 0 | CA17: =IF(AB17="x",1,0) -> 0 | CB17: =IF(AD17="x",1,0) -> 0 | CC17: =IF(AE17="x",1,0) -> 0 | CD17: =IF(AF17="x",1,0) -> 0 | CE17: =IF(AG17="x",1,0) -> 0 | CF17: =IF(AH17="x",1,0) -> 0 | CG17: =IF(AI17="x",1,0) -> 0 | CH17: =IF(AJ17="x",1,0) -> 0 | CI17: =IF(AK17="x",1,0) -> 0 | ... DK17: =IF(BM17="x",1,0) -> 0
B18: 10 | BT18: =CONCATENATE(BP18,BQ18,BR18,BS18) | BZ18: =IF(Z18="x",1,0) -> 0 | CA18: =IF(AB18="x",1,0) -> 0 | CB18: =IF(AD18="x",1,0) -> 0 | CC18: =IF(AE18="x",1,0) -> 0 | CD18: =IF(AF18="x",1,0) -> 0 | CE18: =IF(AG18="x",1,0) -> 0 | CF18: =IF(AH18="x",1,0) -> 0 | CG18: =IF(AI18="x",1,0) -> 0 | CH18: =IF(AJ18="x",1,0) -> 0 | CI18: =IF(AK18="x",1,0) -> 0 | ... DK18: =IF(BM18="x",1,0) -> 0
B19: 11 | BT19: =CONCATENATE(BP19,BQ19,BR19,BS19) | BZ19: =IF(Z19="x",1,0) -> 0 | CA19: =IF(AB19="x",1,0) -> 0 | CB19: =IF(AD19="x",1,0) -> 0 | CC19: =IF(AE19="x",1,0) -> 0 | CD19: =IF(AF19="x",1,0) -> 0 | CE19: =IF(AG19="x",1,0) -> 0 | CF19: =IF(AH19="x",1,0) -> 0 | CG19: =IF(AI19="x",1,0) -> 0 | CH19: =IF(AJ19="x",1,0) -> 0 | CI19: =IF(AK19="x",1,0) -> 0 | ... DK19: =IF(BM19="x",1,0) -> 0
B20: 12 | BT20: =CONCATENATE(BP20,BQ20,BR20,BS20) | BZ20: =IF(Z20="x",1,0) -> 0 | CA20: =IF(AB20="x",1,0) -> 0 | CB20: =IF(AD20="x",1,0) -> 0 | CC20: =IF(AE20="x",1,0) -> 0 | CD20: =IF(AF20="x",1,0) -> 0 | CE20: =IF(AG20="x",1,0) -> 0 | CF20: =IF(AH20="x",1,0) -> 0 | CG20: =IF(AI20="x",1,0) -> 0 | CH20: =IF(AJ20="x",1,0) -> 0 | CI20: =IF(AK20="x",1,0) -> 0 | ... DK20: =IF(BM20="x",1,0) -> 0
B21: 13 | BT21: =CONCATENATE(BP21,BQ21,BR21,BS21) | BZ21: =IF(Z21="x",1,0) -> 0 | CA21: =IF(AB21="x",1,0) -> 0 | CB21: =IF(AD21="x",1,0) -> 0 | CC21: =IF(AE21="x",1,0) -> 0 | CD21: =IF(AF21="x",1,0) -> 0 | CE21: =IF(AG21="x",1,0) -> 0 | CF21: =IF(AH21="x",1,0) -> 0 | CG21: =IF(AI21="x",1,0) -> 0 | CH21: =IF(AJ21="x",1,0) -> 0 | CI21: =IF(AK21="x",1,0) -> 0 | ... DK21: =IF(BM21="x",1,0) -> 0
... B872: 864 | BT872: =CONCATENATE(BP872,BQ872,BR872,BS872) | BZ872: =IF(Z872="x",1,0) -> 0 | CA872: =IF(AB872="x",1,0) -> 0 | CB872: =IF(AD872="x",1,0) -> 0 | CC872: =IF(AE872="x",1,0) -> 0 | CD872: =IF(AF872="x",1,0) -> 0 | CE872: =IF(AG872="x",1,0) -> 0 | CF872: =IF(AH872="x",1,0) -> 0 | CG872: =IF(AI872="x",1,0) -> 0 | CH872: =IF(AJ872="x",1,0) -> 0 | CI872: =IF(AK872="x",1,0) -> 0 | ... DK872: =IF(BM872="x",1,0) -> 0
B873: 865
B874: 866
B875: 867
B876: 868
B877: 869
B878: 870
B879: 871
B880: 872
B881: 873
B882: 874
B883: 875
B884: 876
... B1008: 1000

Sheet DP Count
A1: Nominal Count | D1: Box Reface Count | F1: Pin Reface Count
A2: >70% | B2: =COUNTIF('Prop Drill Pipe Inp Report'!$G$9:$G$1048576,"0><0.7") -> 0 | D2: R1 (Pitting/Galling) | E2: =COUNTIF('Prop Drill Pipe Inp Report'!$AA$9:$AA$1048576,"1") -> 0 | F2: R1 | G2: =COUNTIF('Prop Drill Pipe Inp Report'!$AC$9:$AC$1048576,"1") -> 0
A3: 70-79% | B3: =COUNTIFS('Prop Drill Pipe Inp Report'!$G$9:$G$1048576,"<0.8",'Prop Drill Pipe Inp Report'!$G$9:$G$1048576,">=.7") -> 0 | D3: R2 (Cuts >30%) | E3: =COUNTIF('Prop Drill Pipe Inp Report'!$AA$9:$AA$1048576,"2") -> 0 | F3: R2 | G3: =COUNTIF('Prop Drill Pipe Inp Report'!$AC$9:$AC$1048576,"2") -> 0
A4: 80-90% | B4: =COUNTIFS('Prop Drill Pipe Inp Report'!$G$9:$G$1048576,"<0.91",'Prop Drill Pipe Inp Report'!$G$9:$G$1048576,">=.8") -> 0 | D4: R3 (Out of Length) | E4: =COUNTIF('Prop Drill Pipe Inp Report'!$AA$9:$AA$1048576,"3") -> 0 | F4: R3 | G4: =COUNTIF('Prop Drill Pipe Inp Report'!$AC$9:$AC$1048576,"3") -> 0
A5: 91%+ | B5: =COUNTIF('Prop Drill Pipe Inp Report'!$G$9:$G$1048576,">=0.91") -> 0 | D5: R4 (Handling/Stabbing) | E5: =COUNTIF('Prop Drill Pipe Inp Report'!$AA$9:$AA$1048576,"4") -> 0 | F5: R4 | G5: =COUNTIF('Prop Drill Pipe Inp Report'!$AC$9:$AC$1048576,"4") -> 0

Sheet Data Sheet DP
A1: TOTAL DAMAGES: | B1: =SUM(B2:B13) -> 0 | I1: Joints with Repairs | J1: Joints with DBR
A2: =CONCATENATE(LEFT(TRIM('Prop Drill Pipe Inp Report'!AD8),FIND("~",SUBSTITUTE('Prop Drill Pipe Inp Report'!AD8," ","~",LEN(TRIM('Prop Drill Pipe Inp Report'!AD8))-LEN(SUBSTITUTE(TRIM('Prop Drill Pipe Inp Report'!AD8)," ", ""))))-1),":") -> Damaged Seal: | B2: =C3+D3 -> 0 | C2: Box: | D2: Pin: | I2: =IF('Prop Drill Pipe Inp Report'!AD9="X",1,IF('Prop Drill Pipe Inp Report'!AE9="X",1,IF('Prop Drill Pipe Inp Report'!AF9="X",1,IF('Prop Drill Pipe Inp Report'!AG9="X",1,IF('Prop Drill Pipe Inp Report'!AH9="X",1,IF('Prop Drill Pipe Inp Report'!AI9="X",1,IF('Prop Drill Pipe Inp Report'!AJ9="X",1,IF('Prop Drill Pipe Inp Report'!AK9="X",1,IF('Prop Drill Pipe Inp Report'!AL9="X",1,IF('Prop Drill Pipe Inp Report'!AM9="X",1,IF('Prop Drill Pipe Inp Report'!AN9="X",1,IF('Prop Drill Pipe Inp Report'!AO9="X",1,IF('Prop Drill Pipe Inp Report'!AP9="X",1,IF('Prop Drill Pipe Inp Report'!AQ9="X",1,IF('Prop Drill Pipe Inp Report'!AR9="X",1,IF('Prop Drill Pipe Inp Report'!AS9="X",1,IF('Prop Drill Pipe Inp Report'!AT9="X",1,0))))))))))))))))) -> 0 | J2: =IF('Prop Drill Pipe Inp Report'!AY9="X",1,IF('Prop Drill Pipe Inp Report'!AZ9="X",1,IF('Prop Drill Pipe Inp Report'!BA9="X",1,IF('Prop Drill Pipe Inp Report'!BB9="X",1,IF('Prop Drill Pipe Inp Report'!BC9="X",1,IF('Prop Drill Pipe Inp Report'!BD9="X",1,IF('Prop Drill Pipe Inp Report'!BE9="X",1,IF('Prop Drill Pipe Inp Report'!BF9="X",1,IF('Prop Drill Pipe Inp Report'!BG9="X",1,IF('Prop Drill Pipe Inp Report'!BH9="X",1,IF('Prop Drill Pipe Inp Report'!BI9="X",1,0))))))))))) -> 0
C3: ='Prop Drill Pipe Inp Report'!AD7 -> 0 | D3: ='Prop Drill Pipe Inp Report'!AE7 -> 0 | I3: =IF('Prop Drill Pipe Inp Report'!AD10="X",1,IF('Prop Drill Pipe Inp Report'!AE10="X",1,IF('Prop Drill Pipe Inp Report'!AF10="X",1,IF('Prop Drill Pipe Inp Report'!AG10="X",1,IF('Prop Drill Pipe Inp Report'!AH10="X",1,IF('Prop Drill Pipe Inp Report'!AI10="X",1,IF('Prop Drill Pipe Inp Report'!AJ10="X",1,IF('Prop Drill Pipe Inp Report'!AK10="X",1,IF('Prop Drill Pipe Inp Report'!AL10="X",1,IF('Prop Drill Pipe Inp Report'!AM10="X",1,IF('Prop Drill Pipe Inp Report'!AN10="X",1,IF('Prop Drill Pipe Inp Report'!AO10="X",1,IF('Prop Drill Pipe Inp Report'!AP10="X",1,IF('Prop Drill Pipe Inp Report'!AQ10="X",1,IF('Prop Drill Pipe Inp Report'!AR10="X",1,IF('Prop Drill Pipe Inp Report'!AS10="X",1,IF('Prop Drill Pipe Inp Report'!AT10="X",1,0))))))))))))))))) -> 0 | J3: =IF('Prop Drill Pipe Inp Report'!AY10="X",1,IF('Prop Drill Pipe Inp Report'!AZ10="X",1,IF('Prop Drill Pipe Inp Report'!BA10="X",1,IF('Prop Drill Pipe Inp Report'!BB10="X",1,IF('Prop Drill Pipe Inp Report'!BC10="X",1,IF('Prop Drill Pipe Inp Report'!BD10="X",1,IF('Prop Drill Pipe Inp Report'!BE10="X",1,IF('Prop Drill Pipe Inp Report'!BF10="X",1,IF('Prop Drill Pipe Inp Report'!BG10="X",1,IF('Prop Drill Pipe Inp Report'!BH10="X",1,IF('Prop Drill Pipe Inp Report'!BI10="X",1,0))))))))))) -> 0
A4: =CONCATENATE(LEFT(TRIM('Prop Drill Pipe Inp Report'!AF8),FIND("~",SUBSTITUTE('Prop Drill Pipe Inp Report'!AF8," ","~",LEN(TRIM('Prop Drill Pipe Inp Report'!AF8))-LEN(SUBSTITUTE(TRIM('Prop Drill Pipe Inp Report'!AF8)," ",""))))-1),":") -> Damaged Threads: | B4: =C5+D5 -> 0 | C4: Box: | D4: Pin: | I4: =IF('Prop Drill Pipe Inp Report'!AD11="X",1,IF('Prop Drill Pipe Inp Report'!AE11="X",1,IF('Prop Drill Pipe Inp Report'!AF11="X",1,IF('Prop Drill Pipe Inp Report'!AG11="X",1,IF('Prop Drill Pipe Inp Report'!AH11="X",1,IF('Prop Drill Pipe Inp Report'!AI11="X",1,IF('Prop Drill Pipe Inp Report'!AJ11="X",1,IF('Prop Drill Pipe Inp Report'!AK11="X",1,IF('Prop Drill Pipe Inp Report'!AL11="X",1,IF('Prop Drill Pipe Inp Report'!AM11="X",1,IF('Prop Drill Pipe Inp Report'!AN11="X",1,IF('Prop Drill Pipe Inp Report'!AO11="X",1,IF('Prop Drill Pipe Inp Report'!AP11="X",1,IF('Prop Drill Pipe Inp Report'!AQ11="X",1,IF('Prop Drill Pipe Inp Report'!AR11="X",1,IF('Prop Drill Pipe Inp Report'!AS11="X",1,IF('Prop Drill Pipe Inp Report'!AT11="X",1,0))))))))))))))))) -> 0 | J4: =IF('Prop Drill Pipe Inp Report'!AY11="X",1,IF('Prop Drill Pipe Inp Report'!AZ11="X",1,IF('Prop Drill Pipe Inp Report'!BA11="X",1,IF('Prop Drill Pipe Inp Report'!BB11="X",1,IF('Prop Drill Pipe Inp Report'!BC11="X",1,IF('Prop Drill Pipe Inp Report'!BD11="X",1,IF('Prop Drill Pipe Inp Report'!BE11="X",1,IF('Prop Drill Pipe Inp Report'!BF11="X",1,IF('Prop Drill Pipe Inp Report'!BG11="X",1,IF('Prop Drill Pipe Inp Report'!BH11="X",1,IF('Prop Drill Pipe Inp Report'!BI11="X",1,0))))))))))) -> 0
C5: ='Prop Drill Pipe Inp Report'!AF7 -> 0 | D5: ='Prop Drill Pipe Inp Report'!AG7 -> 0 | I5: =IF('Prop Drill Pipe Inp Report'!AD12="X",1,IF('Prop Drill Pipe Inp Report'!AE12="X",1,IF('Prop Drill Pipe Inp Report'!AF12="X",1,IF('Prop Drill Pipe Inp Report'!AG12="X",1,IF('Prop Drill Pipe Inp Report'!AH12="X",1,IF('Prop Drill Pipe Inp Report'!AI12="X",1,IF('Prop Drill Pipe Inp Report'!AJ12="X",1,IF('Prop Drill Pipe Inp Report'!AK12="X",1,IF('Prop Drill Pipe Inp Report'!AL12="X",1,IF('Prop Drill Pipe Inp Report'!AM12="X",1,IF('Prop Drill Pipe Inp Report'!AN12="X",1,IF('Prop Drill Pipe Inp Report'!AO12="X",1,IF('Prop Drill Pipe Inp Report'!AP12="X",1,IF('Prop Drill Pipe Inp Report'!AQ12="X",1,IF('Prop Drill Pipe Inp Report'!AR12="X",1,IF('Prop Drill Pipe Inp Report'!AS12="X",1,IF('Prop Drill Pipe Inp Report'!AT12="X",1,0))))))))))))))))) -> 0 | J5: =IF('Prop Drill Pipe Inp Report'!AY12="X",1,IF('Prop Drill Pipe Inp Report'!AZ12="X",1,IF('Prop Drill Pipe Inp Report'!BA12="X",1,IF('Prop Drill Pipe Inp Report'!BB12="X",1,IF('Prop Drill Pipe Inp Report'!BC12="X",1,IF('Prop Drill Pipe Inp Report'!BD12="X",1,IF('Prop Drill Pipe Inp Report'!BE12="X",1,IF('Prop Drill Pipe Inp Report'!BF12="X",1,IF('Prop Drill Pipe Inp Report'!BG12="X",1,IF('Prop Drill Pipe Inp Report'!BH12="X",1,IF('Prop Drill Pipe Inp Report'!BI12="X",1,0))))))))))) -> 0
A6: =CONCATENATE(LEFT(TRIM('Prop Drill Pipe Inp Report'!AH8),FIND("~",SUBSTITUTE('Prop Drill Pipe Inp Report'!AH8," ","~",LEN(TRIM('Prop Drill Pipe Inp Report'!AH8))-LEN(SUBSTITUTE(TRIM('Prop Drill Pipe Inp Report'!AH8)," ",""))))-1),":") -> Damaged Torque Shoulder: | B6: =SUM(C7:D7) -> 0 | C6: Box: | D6: Pin: | I6: =IF('Prop Drill Pipe Inp Report'!AD13="X",1,IF('Prop Drill Pipe Inp Report'!AE13="X",1,IF('Prop Drill Pipe Inp Report'!AF13="X",1,IF('Prop Drill Pipe Inp Report'!AG13="X",1,IF('Prop Drill Pipe Inp Report'!AH13="X",1,IF('Prop Drill Pipe Inp Report'!AI13="X",1,IF('Prop Drill Pipe Inp Report'!AJ13="X",1,IF('Prop Drill Pipe Inp Report'!AK13="X",1,IF('Prop Drill Pipe Inp Report'!AL13="X",1,IF('Prop Drill Pipe Inp Report'!AM13="X",1,IF('Prop Drill Pipe Inp Report'!AN13="X",1,IF('Prop Drill Pipe Inp Report'!AO13="X",1,IF('Prop Drill Pipe Inp Report'!AP13="X",1,IF('Prop Drill Pipe Inp Report'!AQ13="X",1,IF('Prop Drill Pipe Inp Report'!AR13="X",1,IF('Prop Drill Pipe Inp Report'!AS13="X",1,IF('Prop Drill Pipe Inp Report'!AT13="X",1,0))))))))))))))))) -> 0 | J6: =IF('Prop Drill Pipe Inp Report'!AY13="X",1,IF('Prop Drill Pipe Inp Report'!AZ13="X",1,IF('Prop Drill Pipe Inp Report'!BA13="X",1,IF('Prop Drill Pipe Inp Report'!BB13="X",1,IF('Prop Drill Pipe Inp Report'!BC13="X",1,IF('Prop Drill Pipe Inp Report'!BD13="X",1,IF('Prop Drill Pipe Inp Report'!BE13="X",1,IF('Prop Drill Pipe Inp Report'!BF13="X",1,IF('Prop Drill Pipe Inp Report'!BG13="X",1,IF('Prop Drill Pipe Inp Report'!BH13="X",1,IF('Prop Drill Pipe Inp Report'!BI13="X",1,0))))))))))) -> 0
C7: ='Prop Drill Pipe Inp Report'!AH7 -> 0 | D7: ='Prop Drill Pipe Inp Report'!AI7 -> 0 | I7: =IF('Prop Drill Pipe Inp Report'!AD14="X",1,IF('Prop Drill Pipe Inp Report'!AE14="X",1,IF('Prop Drill Pipe Inp Report'!AF14="X",1,IF('Prop Drill Pipe Inp Report'!AG14="X",1,IF('Prop Drill Pipe Inp Report'!AH14="X",1,IF('Prop Drill Pipe Inp Report'!AI14="X",1,IF('Prop Drill Pipe Inp Report'!AJ14="X",1,IF('Prop Drill Pipe Inp Report'!AK14="X",1,IF('Prop Drill Pipe Inp Report'!AL14="X",1,IF('Prop Drill Pipe Inp Report'!AM14="X",1,IF('Prop Drill Pipe Inp Report'!AN14="X",1,IF('Prop Drill Pipe Inp Report'!AO14="X",1,IF('Prop Drill Pipe Inp Report'!AP14="X",1,IF('Prop Drill Pipe Inp Report'!AQ14="X",1,IF('Prop Drill Pipe Inp Report'!AR14="X",1,IF('Prop Drill Pipe Inp Report'!AS14="X",1,IF('Prop Drill Pipe Inp Report'!AT14="X",1,0))))))))))))))))) -> 0 | J7: =IF('Prop Drill Pipe Inp Report'!AY14="X",1,IF('Prop Drill Pipe Inp Report'!AZ14="X",1,IF('Prop Drill Pipe Inp Report'!BA14="X",1,IF('Prop Drill Pipe Inp Report'!BB14="X",1,IF('Prop Drill Pipe Inp Report'!BC14="X",1,IF('Prop Drill Pipe Inp Report'!BD14="X",1,IF('Prop Drill Pipe Inp Report'!BE14="X",1,IF('Prop Drill Pipe Inp Report'!BF14="X",1,IF('Prop Drill Pipe Inp Report'!BG14="X",1,IF('Prop Drill Pipe Inp Report'!BH14="X",1,IF('Prop Drill Pipe Inp Report'!BI14="X",1,0))))))))))) -> 0
A8: =CONCATENATE(LEFT(TRIM('Prop Drill Pipe Inp Report'!AJ8),FIND("~",SUBSTITUTE('Prop Drill Pipe Inp Report'!AJ8," ","~",LEN(TRIM('Prop Drill Pipe Inp Report'!AJ8))-LEN(SUBSTITUTE(TRIM('Prop Drill Pipe Inp Report'!AJ8)," ",""))))-1),":") -> Pitted: | B8: =SUM(C9:D9) -> 0 | C8: Box: | D8: Pin: | I8: =IF('Prop Drill Pipe Inp Report'!AD15="X",1,IF('Prop Drill Pipe Inp Report'!AE15="X",1,IF('Prop Drill Pipe Inp Report'!AF15="X",1,IF('Prop Drill Pipe Inp Report'!AG15="X",1,IF('Prop Drill Pipe Inp Report'!AH15="X",1,IF('Prop Drill Pipe Inp Report'!AI15="X",1,IF('Prop Drill Pipe Inp Report'!AJ15="X",1,IF('Prop Drill Pipe Inp Report'!AK15="X",1,IF('Prop Drill Pipe Inp Report'!AL15="X",1,IF('Prop Drill Pipe Inp Report'!AM15="X",1,IF('Prop Drill Pipe Inp Report'!AN15="X",1,IF('Prop Drill Pipe Inp Report'!AO15="X",1,IF('Prop Drill Pipe Inp Report'!AP15="X",1,IF('Prop Drill Pipe Inp Report'!AQ15="X",1,IF('Prop Drill Pipe Inp Report'!AR15="X",1,IF('Prop Drill Pipe Inp Report'!AS15="X",1,IF('Prop Drill Pipe Inp Report'!AT15="X",1,0))))))))))))))))) -> 0 | J8: =IF('Prop Drill Pipe Inp Report'!AY15="X",1,IF('Prop Drill Pipe Inp Report'!AZ15="X",1,IF('Prop Drill Pipe Inp Report'!BA15="X",1,IF('Prop Drill Pipe Inp Report'!BB15="X",1,IF('Prop Drill Pipe Inp Report'!BC15="X",1,IF('Prop Drill Pipe Inp Report'!BD15="X",1,IF('Prop Drill Pipe Inp Report'!BE15="X",1,IF('Prop Drill Pipe Inp Report'!BF15="X",1,IF('Prop Drill Pipe Inp Report'!BG15="X",1,IF('Prop Drill Pipe Inp Report'!BH15="X",1,IF('Prop Drill Pipe Inp Report'!BI15="X",1,0))))))))))) -> 0
C9: ='Prop Drill Pipe Inp Report'!AJ7 -> 0 | D9: ='Prop Drill Pipe Inp Report'!AK7 -> 0 | I9: =IF('Prop Drill Pipe Inp Report'!AD16="X",1,IF('Prop Drill Pipe Inp Report'!AE16="X",1,IF('Prop Drill Pipe Inp Report'!AF16="X",1,IF('Prop Drill Pipe Inp Report'!AG16="X",1,IF('Prop Drill Pipe Inp Report'!AH16="X",1,IF('Prop Drill Pipe Inp Report'!AI16="X",1,IF('Prop Drill Pipe Inp Report'!AJ16="X",1,IF('Prop Drill Pipe Inp Report'!AK16="X",1,IF('Prop Drill Pipe Inp Report'!AL16="X",1,IF('Prop Drill Pipe Inp Report'!AM16="X",1,IF('Prop Drill Pipe Inp Report'!AN16="X",1,IF('Prop Drill Pipe Inp Report'!AO16="X",1,IF('Prop Drill Pipe Inp Report'!AP16="X",1,IF('Prop Drill Pipe Inp Report'!AQ16="X",1,IF('Prop Drill Pipe Inp Report'!AR16="X",1,IF('Prop Drill Pipe Inp Report'!AS16="X",1,IF('Prop Drill Pipe Inp Report'!AT16="X",1,0))))))))))))))))) -> 0 | J9: =IF('Prop Drill Pipe Inp Report'!AY16="X",1,IF('Prop Drill Pipe Inp Report'!AZ16="X",1,IF('Prop Drill Pipe Inp Report'!BA16="X",1,IF('Prop Drill Pipe Inp Report'!BB16="X",1,IF('Prop Drill Pipe Inp Report'!BC16="X",1,IF('Prop Drill Pipe Inp Report'!BD16="X",1,IF('Prop Drill Pipe Inp Report'!BE16="X",1,IF('Prop Drill Pipe Inp Report'!BF16="X",1,IF('Prop Drill Pipe Inp Report'!BG16="X",1,IF('Prop Drill Pipe Inp Report'!BH16="X",1,IF('Prop Drill Pipe Inp Report'!BI16="X",1,0))))))))))) -> 0
A10: =CONCATENATE(LEFT(TRIM('Prop Drill Pipe Inp Report'!AM8),FIND("~",SUBSTITUTE('Prop Drill Pipe Inp Report'!AM8," ","~",LEN(TRIM('Prop Drill Pipe Inp Report'!AM8))-LEN(SUBSTITUTE(TRIM('Prop Drill Pipe Inp Report'!AM8)," ",""))))-1),":") -> Over Refaced: | B10: =SUM(C11:D11) -> 0 | C10: Box: | D10: Pin: | I10: =IF('Prop Drill Pipe Inp Report'!AD17="X",1,IF('Prop Drill Pipe Inp Report'!AE17="X",1,IF('Prop Drill Pipe Inp Report'!AF17="X",1,IF('Prop Drill Pipe Inp Report'!AG17="X",1,IF('Prop Drill Pipe Inp Report'!AH17="X",1,IF('Prop Drill Pipe Inp Report'!AI17="X",1,IF('Prop Drill Pipe Inp Report'!AJ17="X",1,IF('Prop Drill Pipe Inp Report'!AK17="X",1,IF('Prop Drill Pipe Inp Report'!AL17="X",1,IF('Prop Drill Pipe Inp Report'!AM17="X",1,IF('Prop Drill Pipe Inp Report'!AN17="X",1,IF('Prop Drill Pipe Inp Report'!AO17="X",1,IF('Prop Drill Pipe Inp Report'!AP17="X",1,IF('Prop Drill Pipe Inp Report'!AQ17="X",1,IF('Prop Drill Pipe Inp Report'!AR17="X",1,IF('Prop Drill Pipe Inp Report'!AS17="X",1,IF('Prop Drill Pipe Inp Report'!AT17="X",1,0))))))))))))))))) -> 0 | J10: =IF('Prop Drill Pipe Inp Report'!AY17="X",1,IF('Prop Drill Pipe Inp Report'!AZ17="X",1,IF('Prop Drill Pipe Inp Report'!BA17="X",1,IF('Prop Drill Pipe Inp Report'!BB17="X",1,IF('Prop Drill Pipe Inp Report'!BC17="X",1,IF('Prop Drill Pipe Inp Report'!BD17="X",1,IF('Prop Drill Pipe Inp Report'!BE17="X",1,IF('Prop Drill Pipe Inp Report'!BF17="X",1,IF('Prop Drill Pipe Inp Report'!BG17="X",1,IF('Prop Drill Pipe Inp Report'!BH17="X",1,IF('Prop Drill Pipe Inp Report'!BI17="X",1,0))))))))))) -> 0
C11: ='Prop Drill Pipe Inp Report'!AL7 -> 0 | D11: ='Prop Drill Pipe Inp Report'!AM7 -> 0 | I11: =IF('Prop Drill Pipe Inp Report'!AD18="X",1,IF('Prop Drill Pipe Inp Report'!AE18="X",1,IF('Prop Drill Pipe Inp Report'!AF18="X",1,IF('Prop Drill Pipe Inp Report'!AG18="X",1,IF('Prop Drill Pipe Inp Report'!AH18="X",1,IF('Prop Drill Pipe Inp Report'!AI18="X",1,IF('Prop Drill Pipe Inp Report'!AJ18="X",1,IF('Prop Drill Pipe Inp Report'!AK18="X",1,IF('Prop Drill Pipe Inp Report'!AL18="X",1,IF('Prop Drill Pipe Inp Report'!AM18="X",1,IF('Prop Drill Pipe Inp Report'!AN18="X",1,IF('Prop Drill Pipe Inp Report'!AO18="X",1,IF('Prop Drill Pipe Inp Report'!AP18="X",1,IF('Prop Drill Pipe Inp Report'!AQ18="X",1,IF('Prop Drill Pipe Inp Report'!AR18="X",1,IF('Prop Drill Pipe Inp Report'!AS18="X",1,IF('Prop Drill Pipe Inp Report'!AT18="X",1,0))))))))))))))))) -> 0 | J11: =IF('Prop Drill Pipe Inp Report'!AY18="X",1,IF('Prop Drill Pipe Inp Report'!AZ18="X",1,IF('Prop Drill Pipe Inp Report'!BA18="X",1,IF('Prop Drill Pipe Inp Report'!BB18="X",1,IF('Prop Drill Pipe Inp Report'!BC18="X",1,IF('Prop Drill Pipe Inp Report'!BD18="X",1,IF('Prop Drill Pipe Inp Report'!BE18="X",1,IF('Prop Drill Pipe Inp Report'!BF18="X",1,IF('Prop Drill Pipe Inp Report'!BG18="X",1,IF('Prop Drill Pipe Inp Report'!BH18="X",1,IF('Prop Drill Pipe Inp Report'!BI18="X",1,0))))))))))) -> 0
A12: ='Prop Drill Pipe Inp Report'!AN8 -> Bent Tube: | B12: ='Prop Drill Pipe Inp Report'!AN7 -> 0 | I12: =IF('Prop Drill Pipe Inp Report'!AD19="X",1,IF('Prop Drill Pipe Inp Report'!AE19="X",1,IF('Prop Drill Pipe Inp Report'!AF19="X",1,IF('Prop Drill Pipe Inp Report'!AG19="X",1,IF('Prop Drill Pipe Inp Report'!AH19="X",1,IF('Prop Drill Pipe Inp Report'!AI19="X",1,IF('Prop Drill Pipe Inp Report'!AJ19="X",1,IF('Prop Drill Pipe Inp Report'!AK19="X",1,IF('Prop Drill Pipe Inp Report'!AL19="X",1,IF('Prop Drill Pipe Inp Report'!AM19="X",1,IF('Prop Drill Pipe Inp Report'!AN19="X",1,IF('Prop Drill Pipe Inp Report'!AO19="X",1,IF('Prop Drill Pipe Inp Report'!AP19="X",1,IF('Prop Drill Pipe Inp Report'!AQ19="X",1,IF('Prop Drill Pipe Inp Report'!AR19="X",1,IF('Prop Drill Pipe Inp Report'!AS19="X",1,IF('Prop Drill Pipe Inp Report'!AT19="X",1,0))))))))))))))))) -> 0 | J12: =IF('Prop Drill Pipe Inp Report'!AY19="X",1,IF('Prop Drill Pipe Inp Report'!AZ19="X",1,IF('Prop Drill Pipe Inp Report'!BA19="X",1,IF('Prop Drill Pipe Inp Report'!BB19="X",1,IF('Prop Drill Pipe Inp Report'!BC19="X",1,IF('Prop Drill Pipe Inp Report'!BD19="X",1,IF('Prop Drill Pipe Inp Report'!BE19="X",1,IF('Prop Drill Pipe Inp Report'!BF19="X",1,IF('Prop Drill Pipe Inp Report'!BG19="X",1,IF('Prop Drill Pipe Inp Report'!BH19="X",1,IF('Prop Drill Pipe Inp Report'!BI19="X",1,0))))))))))) -> 0
A13: ='Prop Drill Pipe Inp Report'!AO8 -> Other Damage: | B13: ='Prop Drill Pipe Inp Report'!AO7 -> 0 | I13: =IF('Prop Drill Pipe Inp Report'!AD20="X",1,IF('Prop Drill Pipe Inp Report'!AE20="X",1,IF('Prop Drill Pipe Inp Report'!AF20="X",1,IF('Prop Drill Pipe Inp Report'!AG20="X",1,IF('Prop Drill Pipe Inp Report'!AH20="X",1,IF('Prop Drill Pipe Inp Report'!AI20="X",1,IF('Prop Drill Pipe Inp Report'!AJ20="X",1,IF('Prop Drill Pipe Inp Report'!AK20="X",1,IF('Prop Drill Pipe Inp Report'!AL20="X",1,IF('Prop Drill Pipe Inp Report'!AM20="X",1,IF('Prop Drill Pipe Inp Report'!AN20="X",1,IF('Prop Drill Pipe Inp Report'!AO20="X",1,IF('Prop Drill Pipe Inp Report'!AP20="X",1,IF('Prop Drill Pipe Inp Report'!AQ20="X",1,IF('Prop Drill Pipe Inp Report'!AR20="X",1,IF('Prop Drill Pipe Inp Report'!AS20="X",1,IF('Prop Drill Pipe Inp Report'!AT20="X",1,0))))))))))))))))) -> 0 | J13: =IF('Prop Drill Pipe Inp Report'!AY20="X",1,IF('Prop Drill Pipe Inp Report'!AZ20="X",1,IF('Prop Drill Pipe Inp Report'!BA20="X",1,IF('Prop Drill Pipe Inp Report'!BB20="X",1,IF('Prop Drill Pipe Inp Report'!BC20="X",1,IF('Prop Drill Pipe Inp Report'!BD20="X",1,IF('Prop Drill Pipe Inp Report'!BE20="X",1,IF('Prop Drill Pipe Inp Report'!BF20="X",1,IF('Prop Drill Pipe Inp Report'!BG20="X",1,IF('Prop Drill Pipe Inp Report'!BH20="X",1,IF('Prop Drill Pipe Inp Report'!BI20="X",1,0))))))))))) -> 0
A14: ='Prop Drill Pipe Inp Report'!AP8 -> Other Damage: | B14: ='Prop Drill Pipe Inp Report'!AP7 -> 0 | I14: =IF('Prop Drill Pipe Inp Report'!AD21="X",1,IF('Prop Drill Pipe Inp Report'!AE21="X",1,IF('Prop Drill Pipe Inp Report'!AF21="X",1,IF('Prop Drill Pipe Inp Report'!AG21="X",1,IF('Prop Drill Pipe Inp Report'!AH21="X",1,IF('Prop Drill Pipe Inp Report'!AI21="X",1,IF('Prop Drill Pipe Inp Report'!AJ21="X",1,IF('Prop Drill Pipe Inp Report'!AK21="X",1,IF('Prop Drill Pipe Inp Report'!AL21="X",1,IF('Prop Drill Pipe Inp Report'!AM21="X",1,IF('Prop Drill Pipe Inp Report'!AN21="X",1,IF('Prop Drill Pipe Inp Report'!AO21="X",1,IF('Prop Drill Pipe Inp Report'!AP21="X",1,IF('Prop Drill Pipe Inp Report'!AQ21="X",1,IF('Prop Drill Pipe Inp Report'!AR21="X",1,IF('Prop Drill Pipe Inp Report'!AS21="X",1,IF('Prop Drill Pipe Inp Report'!AT21="X",1,0))))))))))))))))) -> 0 | J14: =IF('Prop Drill Pipe Inp Report'!AY21="X",1,IF('Prop Drill Pipe Inp Report'!AZ21="X",1,IF('Prop Drill Pipe Inp Report'!BA21="X",1,IF('Prop Drill Pipe Inp Report'!BB21="X",1,IF('Prop Drill Pipe Inp Report'!BC21="X",1,IF('Prop Drill Pipe Inp Report'!BD21="X",1,IF('Prop Drill Pipe Inp Report'!BE21="X",1,IF('Prop Drill Pipe Inp Report'!BF21="X",1,IF('Prop Drill Pipe Inp Report'!BG21="X",1,IF('Prop Drill Pipe Inp Report'!BH21="X",1,IF('Prop Drill Pipe Inp Report'!BI21="X",1,0))))))))))) -> 0
A15: ='Prop Drill Pipe Inp Report'!AQ8 -> Other Damage: | B15: ='Prop Drill Pipe Inp Report'!AQ7 -> 0 | I15: =IF('Prop Drill Pipe Inp Report'!AD22="X",1,IF('Prop Drill Pipe Inp Report'!AE22="X",1,IF('Prop Drill Pipe Inp Report'!AF22="X",1,IF('Prop Drill Pipe Inp Report'!AG22="X",1,IF('Prop Drill Pipe Inp Report'!AH22="X",1,IF('Prop Drill Pipe Inp Report'!AI22="X",1,IF('Prop Drill Pipe Inp Report'!AJ22="X",1,IF('Prop Drill Pipe Inp Report'!AK22="X",1,IF('Prop Drill Pipe Inp Report'!AL22="X",1,IF('Prop Drill Pipe Inp Report'!AM22="X",1,IF('Prop Drill Pipe Inp Report'!AN22="X",1,IF('Prop Drill Pipe Inp Report'!AO22="X",1,IF('Prop Drill Pipe Inp Report'!AP22="X",1,IF('Prop Drill Pipe Inp Report'!AQ22="X",1,IF('Prop Drill Pipe Inp Report'!AR22="X",1,IF('Prop Drill Pipe Inp Report'!AS22="X",1,IF('Prop Drill Pipe Inp Report'!AT22="X",1,0))))))))))))))))) -> 0 | J15: =IF('Prop Drill Pipe Inp Report'!AY22="X",1,IF('Prop Drill Pipe Inp Report'!AZ22="X",1,IF('Prop Drill Pipe Inp Report'!BA22="X",1,IF('Prop Drill Pipe Inp Report'!BB22="X",1,IF('Prop Drill Pipe Inp Report'!BC22="X",1,IF('Prop Drill Pipe Inp Report'!BD22="X",1,IF('Prop Drill Pipe Inp Report'!BE22="X",1,IF('Prop Drill Pipe Inp Report'!BF22="X",1,IF('Prop Drill Pipe Inp Report'!BG22="X",1,IF('Prop Drill Pipe Inp Report'!BH22="X",1,IF('Prop Drill Pipe Inp Report'!BI22="X",1,0))))))))))) -> 0
A16: ='Prop Drill Pipe Inp Report'!AR8 -> Other Damage: | B16: ='Prop Drill Pipe Inp Report'!AR7 -> 0 | I16: =IF('Prop Drill Pipe Inp Report'!AD23="X",1,IF('Prop Drill Pipe Inp Report'!AE23="X",1,IF('Prop Drill Pipe Inp Report'!AF23="X",1,IF('Prop Drill Pipe Inp Report'!AG23="X",1,IF('Prop Drill Pipe Inp Report'!AH23="X",1,IF('Prop Drill Pipe Inp Report'!AI23="X",1,IF('Prop Drill Pipe Inp Report'!AJ23="X",1,IF('Prop Drill Pipe Inp Report'!AK23="X",1,IF('Prop Drill Pipe Inp Report'!AL23="X",1,IF('Prop Drill Pipe Inp Report'!AM23="X",1,IF('Prop Drill Pipe Inp Report'!AN23="X",1,IF('Prop Drill Pipe Inp Report'!AO23="X",1,IF('Prop Drill Pipe Inp Report'!AP23="X",1,IF('Prop Drill Pipe Inp Report'!AQ23="X",1,IF('Prop Drill Pipe Inp Report'!AR23="X",1,IF('Prop Drill Pipe Inp Report'!AS23="X",1,IF('Prop Drill Pipe Inp Report'!AT23="X",1,0))))))))))))))))) -> 0 | J16: =IF('Prop Drill Pipe Inp Report'!AY23="X",1,IF('Prop Drill Pipe Inp Report'!AZ23="X",1,IF('Prop Drill Pipe Inp Report'!BA23="X",1,IF('Prop Drill Pipe Inp Report'!BB23="X",1,IF('Prop Drill Pipe Inp Report'!BC23="X",1,IF('Prop Drill Pipe Inp Report'!BD23="X",1,IF('Prop Drill Pipe Inp Report'!BE23="X",1,IF('Prop Drill Pipe Inp Report'!BF23="X",1,IF('Prop Drill Pipe Inp Report'!BG23="X",1,IF('Prop Drill Pipe Inp Report'!BH23="X",1,IF('Prop Drill Pipe Inp Report'!BI23="X",1,0))))))))))) -> 0
A17: =CONCATENATE(LEFT(TRIM('Prop Drill Pipe Inp Report'!AS8),FIND("~",SUBSTITUTE('Prop Drill Pipe Inp Report'!AS8," ","~",LEN(TRIM('Prop Drill Pipe Inp Report'!AS8))-LEN(SUBSTITUTE(TRIM('Prop Drill Pipe Inp Report'!AS8)," ", ""))))-1),":") -> Damaged Hardband: | B17: =C18+D18 -> 0 | C17: Box: | D17: Pin: | I17: =IF('Prop Drill Pipe Inp Report'!AD24="X",1,IF('Prop Drill Pipe Inp Report'!AE24="X",1,IF('Prop Drill Pipe Inp Report'!AF24="X",1,IF('Prop Drill Pipe Inp Report'!AG24="X",1,IF('Prop Drill Pipe Inp Report'!AH24="X",1,IF('Prop Drill Pipe Inp Report'!AI24="X",1,IF('Prop Drill Pipe Inp Report'!AJ24="X",1,IF('Prop Drill Pipe Inp Report'!AK24="X",1,IF('Prop Drill Pipe Inp Report'!AL24="X",1,IF('Prop Drill Pipe Inp Report'!AM24="X",1,IF('Prop Drill Pipe Inp Report'!AN24="X",1,IF('Prop Drill Pipe Inp Report'!AO24="X",1,IF('Prop Drill Pipe Inp Report'!AP24="X",1,IF('Prop Drill Pipe Inp Report'!AQ24="X",1,IF('Prop Drill Pipe Inp Report'!AR24="X",1,IF('Prop Drill Pipe Inp Report'!AS24="X",1,IF('Prop Drill Pipe Inp Report'!AT24="X",1,0))))))))))))))))) -> 0 | J17: =IF('Prop Drill Pipe Inp Report'!AY24="X",1,IF('Prop Drill Pipe Inp Report'!AZ24="X",1,IF('Prop Drill Pipe Inp Report'!BA24="X",1,IF('Prop Drill Pipe Inp Report'!BB24="X",1,IF('Prop Drill Pipe Inp Report'!BC24="X",1,IF('Prop Drill Pipe Inp Report'!BD24="X",1,IF('Prop Drill Pipe Inp Report'!BE24="X",1,IF('Prop Drill Pipe Inp Report'!BF24="X",1,IF('Prop Drill Pipe Inp Report'!BG24="X",1,IF('Prop Drill Pipe Inp Report'!BH24="X",1,IF('Prop Drill Pipe Inp Report'!BI24="X",1,0))))))))))) -> 0
C18: ='Prop Drill Pipe Inp Report'!AS7 -> 0 | D18: ='Prop Drill Pipe Inp Report'!AT7 -> 0 | I18: =IF('Prop Drill Pipe Inp Report'!AD25="X",1,IF('Prop Drill Pipe Inp Report'!AE25="X",1,IF('Prop Drill Pipe Inp Report'!AF25="X",1,IF('Prop Drill Pipe Inp Report'!AG25="X",1,IF('Prop Drill Pipe Inp Report'!AH25="X",1,IF('Prop Drill Pipe Inp Report'!AI25="X",1,IF('Prop Drill Pipe Inp Report'!AJ25="X",1,IF('Prop Drill Pipe Inp Report'!AK25="X",1,IF('Prop Drill Pipe Inp Report'!AL25="X",1,IF('Prop Drill Pipe Inp Report'!AM25="X",1,IF('Prop Drill Pipe Inp Report'!AN25="X",1,IF('Prop Drill Pipe Inp Report'!AO25="X",1,IF('Prop Drill Pipe Inp Report'!AP25="X",1,IF('Prop Drill Pipe Inp Report'!AQ25="X",1,IF('Prop Drill Pipe Inp Report'!AR25="X",1,IF('Prop Drill Pipe Inp Report'!AS25="X",1,IF('Prop Drill Pipe Inp Report'!AT25="X",1,0))))))))))))))))) -> 0 | J18: =IF('Prop Drill Pipe Inp Report'!AY25="X",1,IF('Prop Drill Pipe Inp Report'!AZ25="X",1,IF('Prop Drill Pipe Inp Report'!BA25="X",1,IF('Prop Drill Pipe Inp Report'!BB25="X",1,IF('Prop Drill Pipe Inp Report'!BC25="X",1,IF('Prop Drill Pipe Inp Report'!BD25="X",1,IF('Prop Drill Pipe Inp Report'!BE25="X",1,IF('Prop Drill Pipe Inp Report'!BF25="X",1,IF('Prop Drill Pipe Inp Report'!BG25="X",1,IF('Prop Drill Pipe Inp Report'!BH25="X",1,IF('Prop Drill Pipe Inp Report'!BI25="X",1,0))))))))))) -> 0
A19: =CONCATENATE(LEFT(TRIM('Prop Drill Pipe Inp Report'!AY8),FIND("~",SUBSTITUTE('Prop Drill Pipe Inp Report'!AY8," ","~",LEN(TRIM('Prop Drill Pipe Inp Report'!AY8))-LEN(SUBSTITUTE(TRIM('Prop Drill Pipe Inp Report'!AY8)," ",""))))-1),":") -> DBR Hardband: | B19: =SUM(C20:D20) -> 0 | C19: Box: | D19: Pin: | I19: =IF('Prop Drill Pipe Inp Report'!AD26="X",1,IF('Prop Drill Pipe Inp Report'!AE26="X",1,IF('Prop Drill Pipe Inp Report'!AF26="X",1,IF('Prop Drill Pipe Inp Report'!AG26="X",1,IF('Prop Drill Pipe Inp Report'!AH26="X",1,IF('Prop Drill Pipe Inp Report'!AI26="X",1,IF('Prop Drill Pipe Inp Report'!AJ26="X",1,IF('Prop Drill Pipe Inp Report'!AK26="X",1,IF('Prop Drill Pipe Inp Report'!AL26="X",1,IF('Prop Drill Pipe Inp Report'!AM26="X",1,IF('Prop Drill Pipe Inp Report'!AN26="X",1,IF('Prop Drill Pipe Inp Report'!AO26="X",1,IF('Prop Drill Pipe Inp Report'!AP26="X",1,IF('Prop Drill Pipe Inp Report'!AQ26="X",1,IF('Prop Drill Pipe Inp Report'!AR26="X",1,IF('Prop Drill Pipe Inp Report'!AS26="X",1,IF('Prop Drill Pipe Inp Report'!AT26="X",1,0))))))))))))))))) -> 0 | J19: =IF('Prop Drill Pipe Inp Report'!AY26="X",1,IF('Prop Drill Pipe Inp Report'!AZ26="X",1,IF('Prop Drill Pipe Inp Report'!BA26="X",1,IF('Prop Drill Pipe Inp Report'!BB26="X",1,IF('Prop Drill Pipe Inp Report'!BC26="X",1,IF('Prop Drill Pipe Inp Report'!BD26="X",1,IF('Prop Drill Pipe Inp Report'!BE26="X",1,IF('Prop Drill Pipe Inp Report'!BF26="X",1,IF('Prop Drill Pipe Inp Report'!BG26="X",1,IF('Prop Drill Pipe Inp Report'!BH26="X",1,IF('Prop Drill Pipe Inp Report'!BI26="X",1,0))))))))))) -> 0
C20: ='Prop Drill Pipe Inp Report'!AY7 -> 0 | D20: ='Prop Drill Pipe Inp Report'!AZ7 -> 0 | I20: =IF('Prop Drill Pipe Inp Report'!AD27="X",1,IF('Prop Drill Pipe Inp Report'!AE27="X",1,IF('Prop Drill Pipe Inp Report'!AF27="X",1,IF('Prop Drill Pipe Inp Report'!AG27="X",1,IF('Prop Drill Pipe Inp Report'!AH27="X",1,IF('Prop Drill Pipe Inp Report'!AI27="X",1,IF('Prop Drill Pipe Inp Report'!AJ27="X",1,IF('Prop Drill Pipe Inp Report'!AK27="X",1,IF('Prop Drill Pipe Inp Report'!AL27="X",1,IF('Prop Drill Pipe Inp Report'!AM27="X",1,IF('Prop Drill Pipe Inp Report'!AN27="X",1,IF('Prop Drill Pipe Inp Report'!AO27="X",1,IF('Prop Drill Pipe Inp Report'!AP27="X",1,IF('Prop Drill Pipe Inp Report'!AQ27="X",1,IF('Prop Drill Pipe Inp Report'!AR27="X",1,IF('Prop Drill Pipe Inp Report'!AS27="X",1,IF('Prop Drill Pipe Inp Report'!AT27="X",1,0))))))))))))))))) -> 0 | J20: =IF('Prop Drill Pipe Inp Report'!AY27="X",1,IF('Prop Drill Pipe Inp Report'!AZ27="X",1,IF('Prop Drill Pipe Inp Report'!BA27="X",1,IF('Prop Drill Pipe Inp Report'!BB27="X",1,IF('Prop Drill Pipe Inp Report'!BC27="X",1,IF('Prop Drill Pipe Inp Report'!BD27="X",1,IF('Prop Drill Pipe Inp Report'!BE27="X",1,IF('Prop Drill Pipe Inp Report'!BF27="X",1,IF('Prop Drill Pipe Inp Report'!BG27="X",1,IF('Prop Drill Pipe Inp Report'!BH27="X",1,IF('Prop Drill Pipe Inp Report'!BI27="X",1,0))))))))))) -> 0
A21: =LEFT(TRIM('Prop Drill Pipe Inp Report'!BA8),FIND("~",SUBSTITUTE('Prop Drill Pipe Inp Report'!BA8," ","~",LEN(TRIM('Prop Drill Pipe Inp Report'!BA8))-LEN(SUBSTITUTE(TRIM('Prop Drill Pipe Inp Report'!BA8)," ",""))))-1) -> Minimum Wall | B21: ='Prop Drill Pipe Inp Report'!BA7 -> 0 | I21: =IF('Prop Drill Pipe Inp Report'!AD28="X",1,IF('Prop Drill Pipe Inp Report'!AE28="X",1,IF('Prop Drill Pipe Inp Report'!AF28="X",1,IF('Prop Drill Pipe Inp Report'!AG28="X",1,IF('Prop Drill Pipe Inp Report'!AH28="X",1,IF('Prop Drill Pipe Inp Report'!AI28="X",1,IF('Prop Drill Pipe Inp Report'!AJ28="X",1,IF('Prop Drill Pipe Inp Report'!AK28="X",1,IF('Prop Drill Pipe Inp Report'!AL28="X",1,IF('Prop Drill Pipe Inp Report'!AM28="X",1,IF('Prop Drill Pipe Inp Report'!AN28="X",1,IF('Prop Drill Pipe Inp Report'!AO28="X",1,IF('Prop Drill Pipe Inp Report'!AP28="X",1,IF('Prop Drill Pipe Inp Report'!AQ28="X",1,IF('Prop Drill Pipe Inp Report'!AR28="X",1,IF('Prop Drill Pipe Inp Report'!AS28="X",1,IF('Prop Drill Pipe Inp Report'!AT28="X",1,0))))))))))))))))) -> 0 | J21: =IF('Prop Drill Pipe Inp Report'!AY28="X",1,IF('Prop Drill Pipe Inp Report'!AZ28="X",1,IF('Prop Drill Pipe Inp Report'!BA28="X",1,IF('Prop Drill Pipe Inp Report'!BB28="X",1,IF('Prop Drill Pipe Inp Report'!BC28="X",1,IF('Prop Drill Pipe Inp Report'!BD28="X",1,IF('Prop Drill Pipe Inp Report'!BE28="X",1,IF('Prop Drill Pipe Inp Report'!BF28="X",1,IF('Prop Drill Pipe Inp Report'!BG28="X",1,IF('Prop Drill Pipe Inp Report'!BH28="X",1,IF('Prop Drill Pipe Inp Report'!BI28="X",1,0))))))))))) -> 0
A22: =CONCATENATE(LEFT(TRIM('Prop Drill Pipe Inp Report'!BC8),FIND("~",SUBSTITUTE('Prop Drill Pipe Inp Report'!BC8," ","~",LEN(TRIM('Prop Drill Pipe Inp Report'!BC8))-LEN(SUBSTITUTE(TRIM('Prop Drill Pipe Inp Report'!BC8)," ",""))))-1),":") -> Min Tong: | B22: =SUM(C23:D23) -> 0 | C22: Box: | D22: Pin: | I22: =IF('Prop Drill Pipe Inp Report'!AD29="X",1,IF('Prop Drill Pipe Inp Report'!AE29="X",1,IF('Prop Drill Pipe Inp Report'!AF29="X",1,IF('Prop Drill Pipe Inp Report'!AG29="X",1,IF('Prop Drill Pipe Inp Report'!AH29="X",1,IF('Prop Drill Pipe Inp Report'!AI29="X",1,IF('Prop Drill Pipe Inp Report'!AJ29="X",1,IF('Prop Drill Pipe Inp Report'!AK29="X",1,IF('Prop Drill Pipe Inp Report'!AL29="X",1,IF('Prop Drill Pipe Inp Report'!AM29="X",1,IF('Prop Drill Pipe Inp Report'!AN29="X",1,IF('Prop Drill Pipe Inp Report'!AO29="X",1,IF('Prop Drill Pipe Inp Report'!AP29="X",1,IF('Prop Drill Pipe Inp Report'!AQ29="X",1,IF('Prop Drill Pipe Inp Report'!AR29="X",1,IF('Prop Drill Pipe Inp Report'!AS29="X",1,IF('Prop Drill Pipe Inp Report'!AT29="X",1,0))))))))))))))))) -> 0 | J22: =IF('Prop Drill Pipe Inp Report'!AY29="X",1,IF('Prop Drill Pipe Inp Report'!AZ29="X",1,IF('Prop Drill Pipe Inp Report'!BA29="X",1,IF('Prop Drill Pipe Inp Report'!BB29="X",1,IF('Prop Drill Pipe Inp Report'!BC29="X",1,IF('Prop Drill Pipe Inp Report'!BD29="X",1,IF('Prop Drill Pipe Inp Report'!BE29="X",1,IF('Prop Drill Pipe Inp Report'!BF29="X",1,IF('Prop Drill Pipe Inp Report'!BG29="X",1,IF('Prop Drill Pipe Inp Report'!BH29="X",1,IF('Prop Drill Pipe Inp Report'!BI29="X",1,0))))))))))) -> 0
C23: ='Prop Drill Pipe Inp Report'!BB7 -> 0 | D23: ='Prop Drill Pipe Inp Report'!BC7 -> 0 | I23: =IF('Prop Drill Pipe Inp Report'!AD30="X",1,IF('Prop Drill Pipe Inp Report'!AE30="X",1,IF('Prop Drill Pipe Inp Report'!AF30="X",1,IF('Prop Drill Pipe Inp Report'!AG30="X",1,IF('Prop Drill Pipe Inp Report'!AH30="X",1,IF('Prop Drill Pipe Inp Report'!AI30="X",1,IF('Prop Drill Pipe Inp Report'!AJ30="X",1,IF('Prop Drill Pipe Inp Report'!AK30="X",1,IF('Prop Drill Pipe Inp Report'!AL30="X",1,IF('Prop Drill Pipe Inp Report'!AM30="X",1,IF('Prop Drill Pipe Inp Report'!AN30="X",1,IF('Prop Drill Pipe Inp Report'!AO30="X",1,IF('Prop Drill Pipe Inp Report'!AP30="X",1,IF('Prop Drill Pipe Inp Report'!AQ30="X",1,IF('Prop Drill Pipe Inp Report'!AR30="X",1,IF('Prop Drill Pipe Inp Report'!AS30="X",1,IF('Prop Drill Pipe Inp Report'!AT30="X",1,0))))))))))))))))) -> 0 | J23: =IF('Prop Drill Pipe Inp Report'!AY30="X",1,IF('Prop Drill Pipe Inp Report'!AZ30="X",1,IF('Prop Drill Pipe Inp Report'!BA30="X",1,IF('Prop Drill Pipe Inp Report'!BB30="X",1,IF('Prop Drill Pipe Inp Report'!BC30="X",1,IF('Prop Drill Pipe Inp Report'!BD30="X",1,IF('Prop Drill Pipe Inp Report'!BE30="X",1,IF('Prop Drill Pipe Inp Report'!BF30="X",1,IF('Prop Drill Pipe Inp Report'!BG30="X",1,IF('Prop Drill Pipe Inp Report'!BH30="X",1,IF('Prop Drill Pipe Inp Report'!BI30="X",1,0))))))))))) -> 0
A24: =CONCATENATE(LEFT(TRIM('Prop Drill Pipe Inp Report'!BD8),FIND("~",SUBSTITUTE('Prop Drill Pipe Inp Report'!BD8," ","~",LEN(TRIM('Prop Drill Pipe Inp Report'!BD8))-LEN(SUBSTITUTE(TRIM('Prop Drill Pipe Inp Report'!BD8)," ",""))))-1),":") -> Min Seal: | B24: =SUM(C25:D25) -> 0 | C24: Box: | D24: Pin: | I24: =IF('Prop Drill Pipe Inp Report'!AD31="X",1,IF('Prop Drill Pipe Inp Report'!AE31="X",1,IF('Prop Drill Pipe Inp Report'!AF31="X",1,IF('Prop Drill Pipe Inp Report'!AG31="X",1,IF('Prop Drill Pipe Inp Report'!AH31="X",1,IF('Prop Drill Pipe Inp Report'!AI31="X",1,IF('Prop Drill Pipe Inp Report'!AJ31="X",1,IF('Prop Drill Pipe Inp Report'!AK31="X",1,IF('Prop Drill Pipe Inp Report'!AL31="X",1,IF('Prop Drill Pipe Inp Report'!AM31="X",1,IF('Prop Drill Pipe Inp Report'!AN31="X",1,IF('Prop Drill Pipe Inp Report'!AO31="X",1,IF('Prop Drill Pipe Inp Report'!AP31="X",1,IF('Prop Drill Pipe Inp Report'!AQ31="X",1,IF('Prop Drill Pipe Inp Report'!AR31="X",1,IF('Prop Drill Pipe Inp Report'!AS31="X",1,IF('Prop Drill Pipe Inp Report'!AT31="X",1,0))))))))))))))))) -> 0 | J24: =IF('Prop Drill Pipe Inp Report'!AY31="X",1,IF('Prop Drill Pipe Inp Report'!AZ31="X",1,IF('Prop Drill Pipe Inp Report'!BA31="X",1,IF('Prop Drill Pipe Inp Report'!BB31="X",1,IF('Prop Drill Pipe Inp Report'!BC31="X",1,IF('Prop Drill Pipe Inp Report'!BD31="X",1,IF('Prop Drill Pipe Inp Report'!BE31="X",1,IF('Prop Drill Pipe Inp Report'!BF31="X",1,IF('Prop Drill Pipe Inp Report'!BG31="X",1,IF('Prop Drill Pipe Inp Report'!BH31="X",1,IF('Prop Drill Pipe Inp Report'!BI31="X",1,0))))))))))) -> 0
C25: ='Prop Drill Pipe Inp Report'!BD7 -> 0 | D25: ='Prop Drill Pipe Inp Report'!BE7 -> 0 | I25: =IF('Prop Drill Pipe Inp Report'!AD32="X",1,IF('Prop Drill Pipe Inp Report'!AE32="X",1,IF('Prop Drill Pipe Inp Report'!AF32="X",1,IF('Prop Drill Pipe Inp Report'!AG32="X",1,IF('Prop Drill Pipe Inp Report'!AH32="X",1,IF('Prop Drill Pipe Inp Report'!AI32="X",1,IF('Prop Drill Pipe Inp Report'!AJ32="X",1,IF('Prop Drill Pipe Inp Report'!AK32="X",1,IF('Prop Drill Pipe Inp Report'!AL32="X",1,IF('Prop Drill Pipe Inp Report'!AM32="X",1,IF('Prop Drill Pipe Inp Report'!AN32="X",1,IF('Prop Drill Pipe Inp Report'!AO32="X",1,IF('Prop Drill Pipe Inp Report'!AP32="X",1,IF('Prop Drill Pipe Inp Report'!AQ32="X",1,IF('Prop Drill Pipe Inp Report'!AR32="X",1,IF('Prop Drill Pipe Inp Report'!AS32="X",1,IF('Prop Drill Pipe Inp Report'!AT32="X",1,0))))))))))))))))) -> 0 | J25: =IF('Prop Drill Pipe Inp Report'!AY32="X",1,IF('Prop Drill Pipe Inp Report'!AZ32="X",1,IF('Prop Drill Pipe Inp Report'!BA32="X",1,IF('Prop Drill Pipe Inp Report'!BB32="X",1,IF('Prop Drill Pipe Inp Report'!BC32="X",1,IF('Prop Drill Pipe Inp Report'!BD32="X",1,IF('Prop Drill Pipe Inp Report'!BE32="X",1,IF('Prop Drill Pipe Inp Report'!BF32="X",1,IF('Prop Drill Pipe Inp Report'!BG32="X",1,IF('Prop Drill Pipe Inp Report'!BH32="X",1,IF('Prop Drill Pipe Inp Report'!BI32="X",1,0))))))))))) -> 0
A26: ='Prop Drill Pipe Inp Report'!BF8 -> Minimum OD: | B26: ='Prop Drill Pipe Inp Report'!BF7 -> 0 | I26: =IF('Prop Drill Pipe Inp Report'!AD33="X",1,IF('Prop Drill Pipe Inp Report'!AE33="X",1,IF('Prop Drill Pipe Inp Report'!AF33="X",1,IF('Prop Drill Pipe Inp Report'!AG33="X",1,IF('Prop Drill Pipe Inp Report'!AH33="X",1,IF('Prop Drill Pipe Inp Report'!AI33="X",1,IF('Prop Drill Pipe Inp Report'!AJ33="X",1,IF('Prop Drill Pipe Inp Report'!AK33="X",1,IF('Prop Drill Pipe Inp Report'!AL33="X",1,IF('Prop Drill Pipe Inp Report'!AM33="X",1,IF('Prop Drill Pipe Inp Report'!AN33="X",1,IF('Prop Drill Pipe Inp Report'!AO33="X",1,IF('Prop Drill Pipe Inp Report'!AP33="X",1,IF('Prop Drill Pipe Inp Report'!AQ33="X",1,IF('Prop Drill Pipe Inp Report'!AR33="X",1,IF('Prop Drill Pipe Inp Report'!AS33="X",1,IF('Prop Drill Pipe Inp Report'!AT33="X",1,0))))))))))))))))) -> 0 | J26: =IF('Prop Drill Pipe Inp Report'!AY33="X",1,IF('Prop Drill Pipe Inp Report'!AZ33="X",1,IF('Prop Drill Pipe Inp Report'!BA33="X",1,IF('Prop Drill Pipe Inp Report'!BB33="X",1,IF('Prop Drill Pipe Inp Report'!BC33="X",1,IF('Prop Drill Pipe Inp Report'!BD33="X",1,IF('Prop Drill Pipe Inp Report'!BE33="X",1,IF('Prop Drill Pipe Inp Report'!BF33="X",1,IF('Prop Drill Pipe Inp Report'!BG33="X",1,IF('Prop Drill Pipe Inp Report'!BH33="X",1,IF('Prop Drill Pipe Inp Report'!BI33="X",1,0))))))))))) -> 0
A27: ='Prop Drill Pipe Inp Report'!BG8 -> Damaged Tube: | B27: ='Prop Drill Pipe Inp Report'!BG7 -> 0 | I27: =IF('Prop Drill Pipe Inp Report'!AD34="X",1,IF('Prop Drill Pipe Inp Report'!AE34="X",1,IF('Prop Drill Pipe Inp Report'!AF34="X",1,IF('Prop Drill Pipe Inp Report'!AG34="X",1,IF('Prop Drill Pipe Inp Report'!AH34="X",1,IF('Prop Drill Pipe Inp Report'!AI34="X",1,IF('Prop Drill Pipe Inp Report'!AJ34="X",1,IF('Prop Drill Pipe Inp Report'!AK34="X",1,IF('Prop Drill Pipe Inp Report'!AL34="X",1,IF('Prop Drill Pipe Inp Report'!AM34="X",1,IF('Prop Drill Pipe Inp Report'!AN34="X",1,IF('Prop Drill Pipe Inp Report'!AO34="X",1,IF('Prop Drill Pipe Inp Report'!AP34="X",1,IF('Prop Drill Pipe Inp Report'!AQ34="X",1,IF('Prop Drill Pipe Inp Report'!AR34="X",1,IF('Prop Drill Pipe Inp Report'!AS34="X",1,IF('Prop Drill Pipe Inp Report'!AT34="X",1,0))))))))))))))))) -> 0 | J27: =IF('Prop Drill Pipe Inp Report'!AY34="X",1,IF('Prop Drill Pipe Inp Report'!AZ34="X",1,IF('Prop Drill Pipe Inp Report'!BA34="X",1,IF('Prop Drill Pipe Inp Report'!BB34="X",1,IF('Prop Drill Pipe Inp Report'!BC34="X",1,IF('Prop Drill Pipe Inp Report'!BD34="X",1,IF('Prop Drill Pipe Inp Report'!BE34="X",1,IF('Prop Drill Pipe Inp Report'!BF34="X",1,IF('Prop Drill Pipe Inp Report'!BG34="X",1,IF('Prop Drill Pipe Inp Report'!BH34="X",1,IF('Prop Drill Pipe Inp Report'!BI34="X",1,0))))))))))) -> 0
A28: ='Prop Drill Pipe Inp Report'!BH8 -> EMI Reject: | B28: ='Prop Drill Pipe Inp Report'!BH7 -> 0 | I28: =IF('Prop Drill Pipe Inp Report'!AD35="X",1,IF('Prop Drill Pipe Inp Report'!AE35="X",1,IF('Prop Drill Pipe Inp Report'!AF35="X",1,IF('Prop Drill Pipe Inp Report'!AG35="X",1,IF('Prop Drill Pipe Inp Report'!AH35="X",1,IF('Prop Drill Pipe Inp Report'!AI35="X",1,IF('Prop Drill Pipe Inp Report'!AJ35="X",1,IF('Prop Drill Pipe Inp Report'!AK35="X",1,IF('Prop Drill Pipe Inp Report'!AL35="X",1,IF('Prop Drill Pipe Inp Report'!AM35="X",1,IF('Prop Drill Pipe Inp Report'!AN35="X",1,IF('Prop Drill Pipe Inp Report'!AO35="X",1,IF('Prop Drill Pipe Inp Report'!AP35="X",1,IF('Prop Drill Pipe Inp Report'!AQ35="X",1,IF('Prop Drill Pipe Inp Report'!AR35="X",1,IF('Prop Drill Pipe Inp Report'!AS35="X",1,IF('Prop Drill Pipe Inp Report'!AT35="X",1,0))))))))))))))))) -> 0 | J28: =IF('Prop Drill Pipe Inp Report'!AY35="X",1,IF('Prop Drill Pipe Inp Report'!AZ35="X",1,IF('Prop Drill Pipe Inp Report'!BA35="X",1,IF('Prop Drill Pipe Inp Report'!BB35="X",1,IF('Prop Drill Pipe Inp Report'!BC35="X",1,IF('Prop Drill Pipe Inp Report'!BD35="X",1,IF('Prop Drill Pipe Inp Report'!BE35="X",1,IF('Prop Drill Pipe Inp Report'!BF35="X",1,IF('Prop Drill Pipe Inp Report'!BG35="X",1,IF('Prop Drill Pipe Inp Report'!BH35="X",1,IF('Prop Drill Pipe Inp Report'!BI35="X",1,0))))))))))) -> 0
A29: ='Prop Drill Pipe Inp Report'!BI8 -> Other: | B29: ='Prop Drill Pipe Inp Report'!BI7 -> 0 | I29: =IF('Prop Drill Pipe Inp Report'!AD36="X",1,IF('Prop Drill Pipe Inp Report'!AE36="X",1,IF('Prop Drill Pipe Inp Report'!AF36="X",1,IF('Prop Drill Pipe Inp Report'!AG36="X",1,IF('Prop Drill Pipe Inp Report'!AH36="X",1,IF('Prop Drill Pipe Inp Report'!AI36="X",1,IF('Prop Drill Pipe Inp Report'!AJ36="X",1,IF('Prop Drill Pipe Inp Report'!AK36="X",1,IF('Prop Drill Pipe Inp Report'!AL36="X",1,IF('Prop Drill Pipe Inp Report'!AM36="X",1,IF('Prop Drill Pipe Inp Report'!AN36="X",1,IF('Prop Drill Pipe Inp Report'!AO36="X",1,IF('Prop Drill Pipe Inp Report'!AP36="X",1,IF('Prop Drill Pipe Inp Report'!AQ36="X",1,IF('Prop Drill Pipe Inp Report'!AR36="X",1,IF('Prop Drill Pipe Inp Report'!AS36="X",1,IF('Prop Drill Pipe Inp Report'!AT36="X",1,0))))))))))))))))) -> 0 | J29: =IF('Prop Drill Pipe Inp Report'!AY36="X",1,IF('Prop Drill Pipe Inp Report'!AZ36="X",1,IF('Prop Drill Pipe Inp Report'!BA36="X",1,IF('Prop Drill Pipe Inp Report'!BB36="X",1,IF('Prop Drill Pipe Inp Report'!BC36="X",1,IF('Prop Drill Pipe Inp Report'!BD36="X",1,IF('Prop Drill Pipe Inp Report'!BE36="X",1,IF('Prop Drill Pipe Inp Report'!BF36="X",1,IF('Prop Drill Pipe Inp Report'!BG36="X",1,IF('Prop Drill Pipe Inp Report'!BH36="X",1,IF('Prop Drill Pipe Inp Report'!BI36="X",1,0))))))))))) -> 0
I30: =IF('Prop Drill Pipe Inp Report'!AD37="X",1,IF('Prop Drill Pipe Inp Report'!AE37="X",1,IF('Prop Drill Pipe Inp Report'!AF37="X",1,IF('Prop Drill Pipe Inp Report'!AG37="X",1,IF('Prop Drill Pipe Inp Report'!AH37="X",1,IF('Prop Drill Pipe Inp Report'!AI37="X",1,IF('Prop Drill Pipe Inp Report'!AJ37="X",1,IF('Prop Drill Pipe Inp Report'!AK37="X",1,IF('Prop Drill Pipe Inp Report'!AL37="X",1,IF('Prop Drill Pipe Inp Report'!AM37="X",1,IF('Prop Drill Pipe Inp Report'!AN37="X",1,IF('Prop Drill Pipe Inp Report'!AO37="X",1,IF('Prop Drill Pipe Inp Report'!AP37="X",1,IF('Prop Drill Pipe Inp Report'!AQ37="X",1,IF('Prop Drill Pipe Inp Report'!AR37="X",1,IF('Prop Drill Pipe Inp Report'!AS37="X",1,IF('Prop Drill Pipe Inp Report'!AT37="X",1,0))))))))))))))))) -> 0 | J30: =IF('Prop Drill Pipe Inp Report'!AY37="X",1,IF('Prop Drill Pipe Inp Report'!AZ37="X",1,IF('Prop Drill Pipe Inp Report'!BA37="X",1,IF('Prop Drill Pipe Inp Report'!BB37="X",1,IF('Prop Drill Pipe Inp Report'!BC37="X",1,IF('Prop Drill Pipe Inp Report'!BD37="X",1,IF('Prop Drill Pipe Inp Report'!BE37="X",1,IF('Prop Drill Pipe Inp Report'!BF37="X",1,IF('Prop Drill Pipe Inp Report'!BG37="X",1,IF('Prop Drill Pipe Inp Report'!BH37="X",1,IF('Prop Drill Pipe Inp Report'!BI37="X",1,0))))))))))) -> 0
I31: =IF('Prop Drill Pipe Inp Report'!AD38="X",1,IF('Prop Drill Pipe Inp Report'!AE38="X",1,IF('Prop Drill Pipe Inp Report'!AF38="X",1,IF('Prop Drill Pipe Inp Report'!AG38="X",1,IF('Prop Drill Pipe Inp Report'!AH38="X",1,IF('Prop Drill Pipe Inp Report'!AI38="X",1,IF('Prop Drill Pipe Inp Report'!AJ38="X",1,IF('Prop Drill Pipe Inp Report'!AK38="X",1,IF('Prop Drill Pipe Inp Report'!AL38="X",1,IF('Prop Drill Pipe Inp Report'!AM38="X",1,IF('Prop Drill Pipe Inp Report'!AN38="X",1,IF('Prop Drill Pipe Inp Report'!AO38="X",1,IF('Prop Drill Pipe Inp Report'!AP38="X",1,IF('Prop Drill Pipe Inp Report'!AQ38="X",1,IF('Prop Drill Pipe Inp Report'!AR38="X",1,IF('Prop Drill Pipe Inp Report'!AS38="X",1,IF('Prop Drill Pipe Inp Report'!AT38="X",1,0))))))))))))))))) -> 0 | J31: =IF('Prop Drill Pipe Inp Report'!AY38="X",1,IF('Prop Drill Pipe Inp Report'!AZ38="X",1,IF('Prop Drill Pipe Inp Report'!BA38="X",1,IF('Prop Drill Pipe Inp Report'!BB38="X",1,IF('Prop Drill Pipe Inp Report'!BC38="X",1,IF('Prop Drill Pipe Inp Report'!BD38="X",1,IF('Prop Drill Pipe Inp Report'!BE38="X",1,IF('Prop Drill Pipe Inp Report'!BF38="X",1,IF('Prop Drill Pipe Inp Report'!BG38="X",1,IF('Prop Drill Pipe Inp Report'!BH38="X",1,IF('Prop Drill Pipe Inp Report'!BI38="X",1,0))))))))))) -> 0
I32: =IF('Prop Drill Pipe Inp Report'!AD39="X",1,IF('Prop Drill Pipe Inp Report'!AE39="X",1,IF('Prop Drill Pipe Inp Report'!AF39="X",1,IF('Prop Drill Pipe Inp Report'!AG39="X",1,IF('Prop Drill Pipe Inp Report'!AH39="X",1,IF('Prop Drill Pipe Inp Report'!AI39="X",1,IF('Prop Drill Pipe Inp Report'!AJ39="X",1,IF('Prop Drill Pipe Inp Report'!AK39="X",1,IF('Prop Drill Pipe Inp Report'!AL39="X",1,IF('Prop Drill Pipe Inp Report'!AM39="X",1,IF('Prop Drill Pipe Inp Report'!AN39="X",1,IF('Prop Drill Pipe Inp Report'!AO39="X",1,IF('Prop Drill Pipe Inp Report'!AP39="X",1,IF('Prop Drill Pipe Inp Report'!AQ39="X",1,IF('Prop Drill Pipe Inp Report'!AR39="X",1,IF('Prop Drill Pipe Inp Report'!AS39="X",1,IF('Prop Drill Pipe Inp Report'!AT39="X",1,0))))))))))))))))) -> 0 | J32: =IF('Prop Drill Pipe Inp Report'!AY39="X",1,IF('Prop Drill Pipe Inp Report'!AZ39="X",1,IF('Prop Drill Pipe Inp Report'!BA39="X",1,IF('Prop Drill Pipe Inp Report'!BB39="X",1,IF('Prop Drill Pipe Inp Report'!BC39="X",1,IF('Prop Drill Pipe Inp Report'!BD39="X",1,IF('Prop Drill Pipe Inp Report'!BE39="X",1,IF('Prop Drill Pipe Inp Report'!BF39="X",1,IF('Prop Drill Pipe Inp Report'!BG39="X",1,IF('Prop Drill Pipe Inp Report'!BH39="X",1,IF('Prop Drill Pipe Inp Report'!BI39="X",1,0))))))))))) -> 0
I33: =IF('Prop Drill Pipe Inp Report'!AD40="X",1,IF('Prop Drill Pipe Inp Report'!AE40="X",1,IF('Prop Drill Pipe Inp Report'!AF40="X",1,IF('Prop Drill Pipe Inp Report'!AG40="X",1,IF('Prop Drill Pipe Inp Report'!AH40="X",1,IF('Prop Drill Pipe Inp Report'!AI40="X",1,IF('Prop Drill Pipe Inp Report'!AJ40="X",1,IF('Prop Drill Pipe Inp Report'!AK40="X",1,IF('Prop Drill Pipe Inp Report'!AL40="X",1,IF('Prop Drill Pipe Inp Report'!AM40="X",1,IF('Prop Drill Pipe Inp Report'!AN40="X",1,IF('Prop Drill Pipe Inp Report'!AO40="X",1,IF('Prop Drill Pipe Inp Report'!AP40="X",1,IF('Prop Drill Pipe Inp Report'!AQ40="X",1,IF('Prop Drill Pipe Inp Report'!AR40="X",1,IF('Prop Drill Pipe Inp Report'!AS40="X",1,IF('Prop Drill Pipe Inp Report'!AT40="X",1,0))))))))))))))))) -> 0 | J33: =IF('Prop Drill Pipe Inp Report'!AY40="X",1,IF('Prop Drill Pipe Inp Report'!AZ40="X",1,IF('Prop Drill Pipe Inp Report'!BA40="X",1,IF('Prop Drill Pipe Inp Report'!BB40="X",1,IF('Prop Drill Pipe Inp Report'!BC40="X",1,IF('Prop Drill Pipe Inp Report'!BD40="X",1,IF('Prop Drill Pipe Inp Report'!BE40="X",1,IF('Prop Drill Pipe Inp Report'!BF40="X",1,IF('Prop Drill Pipe Inp Report'!BG40="X",1,IF('Prop Drill Pipe Inp Report'!BH40="X",1,IF('Prop Drill Pipe Inp Report'!BI40="X",1,0))))))))))) -> 0
I34: =IF('Prop Drill Pipe Inp Report'!AD41="X",1,IF('Prop Drill Pipe Inp Report'!AE41="X",1,IF('Prop Drill Pipe Inp Report'!AF41="X",1,IF('Prop Drill Pipe Inp Report'!AG41="X",1,IF('Prop Drill Pipe Inp Report'!AH41="X",1,IF('Prop Drill Pipe Inp Report'!AI41="X",1,IF('Prop Drill Pipe Inp Report'!AJ41="X",1,IF('Prop Drill Pipe Inp Report'!AK41="X",1,IF('Prop Drill Pipe Inp Report'!AL41="X",1,IF('Prop Drill Pipe Inp Report'!AM41="X",1,IF('Prop Drill Pipe Inp Report'!AN41="X",1,IF('Prop Drill Pipe Inp Report'!AO41="X",1,IF('Prop Drill Pipe Inp Report'!AP41="X",1,IF('Prop Drill Pipe Inp Report'!AQ41="X",1,IF('Prop Drill Pipe Inp Report'!AR41="X",1,IF('Prop Drill Pipe Inp Report'!AS41="X",1,IF('Prop Drill Pipe Inp Report'!AT41="X",1,0))))))))))))))))) -> 0 | J34: =IF('Prop Drill Pipe Inp Report'!AY41="X",1,IF('Prop Drill Pipe Inp Report'!AZ41="X",1,IF('Prop Drill Pipe Inp Report'!BA41="X",1,IF('Prop Drill Pipe Inp Report'!BB41="X",1,IF('Prop Drill Pipe Inp Report'!BC41="X",1,IF('Prop Drill Pipe Inp Report'!BD41="X",1,IF('Prop Drill Pipe Inp Report'!BE41="X",1,IF('Prop Drill Pipe Inp Report'!BF41="X",1,IF('Prop Drill Pipe Inp Report'!BG41="X",1,IF('Prop Drill Pipe Inp Report'!BH41="X",1,IF('Prop Drill Pipe Inp Report'!BI41="X",1,0))))))))))) -> 0
I35: =IF('Prop Drill Pipe Inp Report'!AD42="X",1,IF('Prop Drill Pipe Inp Report'!AE42="X",1,IF('Prop Drill Pipe Inp Report'!AF42="X",1,IF('Prop Drill Pipe Inp Report'!AG42="X",1,IF('Prop Drill Pipe Inp Report'!AH42="X",1,IF('Prop Drill Pipe Inp Report'!AI42="X",1,IF('Prop Drill Pipe Inp Report'!AJ42="X",1,IF('Prop Drill Pipe Inp Report'!AK42="X",1,IF('Prop Drill Pipe Inp Report'!AL42="X",1,IF('Prop Drill Pipe Inp Report'!AM42="X",1,IF('Prop Drill Pipe Inp Report'!AN42="X",1,IF('Prop Drill Pipe Inp Report'!AO42="X",1,IF('Prop Drill Pipe Inp Report'!AP42="X",1,IF('Prop Drill Pipe Inp Report'!AQ42="X",1,IF('Prop Drill Pipe Inp Report'!AR42="X",1,IF('Prop Drill Pipe Inp Report'!AS42="X",1,IF('Prop Drill Pipe Inp Report'!AT42="X",1,0))))))))))))))))) -> 0 | J35: =IF('Prop Drill Pipe Inp Report'!AY42="X",1,IF('Prop Drill Pipe Inp Report'!AZ42="X",1,IF('Prop Drill Pipe Inp Report'!BA42="X",1,IF('Prop Drill Pipe Inp Report'!BB42="X",1,IF('Prop Drill Pipe Inp Report'!BC42="X",1,IF('Prop Drill Pipe Inp Report'!BD42="X",1,IF('Prop Drill Pipe Inp Report'!BE42="X",1,IF('Prop Drill Pipe Inp Report'!BF42="X",1,IF('Prop Drill Pipe Inp Report'!BG42="X",1,IF('Prop Drill Pipe Inp Report'!BH42="X",1,IF('Prop Drill Pipe Inp Report'!BI42="X",1,0))))))))))) -> 0
I36: =IF('Prop Drill Pipe Inp Report'!AD43="X",1,IF('Prop Drill Pipe Inp Report'!AE43="X",1,IF('Prop Drill Pipe Inp Report'!AF43="X",1,IF('Prop Drill Pipe Inp Report'!AG43="X",1,IF('Prop Drill Pipe Inp Report'!AH43="X",1,IF('Prop Drill Pipe Inp Report'!AI43="X",1,IF('Prop Drill Pipe Inp Report'!AJ43="X",1,IF('Prop Drill Pipe Inp Report'!AK43="X",1,IF('Prop Drill Pipe Inp Report'!AL43="X",1,IF('Prop Drill Pipe Inp Report'!AM43="X",1,IF('Prop Drill Pipe Inp Report'!AN43="X",1,IF('Prop Drill Pipe Inp Report'!AO43="X",1,IF('Prop Drill Pipe Inp Report'!AP43="X",1,IF('Prop Drill Pipe Inp Report'!AQ43="X",1,IF('Prop Drill Pipe Inp Report'!AR43="X",1,IF('Prop Drill Pipe Inp Report'!AS43="X",1,IF('Prop Drill Pipe Inp Report'!AT43="X",1,0))))))))))))))))) -> 0 | J36: =IF('Prop Drill Pipe Inp Report'!AY43="X",1,IF('Prop Drill Pipe Inp Report'!AZ43="X",1,IF('Prop Drill Pipe Inp Report'!BA43="X",1,IF('Prop Drill Pipe Inp Report'!BB43="X",1,IF('Prop Drill Pipe Inp Report'!BC43="X",1,IF('Prop Drill Pipe Inp Report'!BD43="X",1,IF('Prop Drill Pipe Inp Report'!BE43="X",1,IF('Prop Drill Pipe Inp Report'!BF43="X",1,IF('Prop Drill Pipe Inp Report'!BG43="X",1,IF('Prop Drill Pipe Inp Report'!BH43="X",1,IF('Prop Drill Pipe Inp Report'!BI43="X",1,0))))))))))) -> 0
I37: =IF('Prop Drill Pipe Inp Report'!AD44="X",1,IF('Prop Drill Pipe Inp Report'!AE44="X",1,IF('Prop Drill Pipe Inp Report'!AF44="X",1,IF('Prop Drill Pipe Inp Report'!AG44="X",1,IF('Prop Drill Pipe Inp Report'!AH44="X",1,IF('Prop Drill Pipe Inp Report'!AI44="X",1,IF('Prop Drill Pipe Inp Report'!AJ44="X",1,IF('Prop Drill Pipe Inp Report'!AK44="X",1,IF('Prop Drill Pipe Inp Report'!AL44="X",1,IF('Prop Drill Pipe Inp Report'!AM44="X",1,IF('Prop Drill Pipe Inp Report'!AN44="X",1,IF('Prop Drill Pipe Inp Report'!AO44="X",1,IF('Prop Drill Pipe Inp Report'!AP44="X",1,IF('Prop Drill Pipe Inp Report'!AQ44="X",1,IF('Prop Drill Pipe Inp Report'!AR44="X",1,IF('Prop Drill Pipe Inp Report'!AS44="X",1,IF('Prop Drill Pipe Inp Report'!AT44="X",1,0))))))))))))))))) -> 0 | J37: =IF('Prop Drill Pipe Inp Report'!AY44="X",1,IF('Prop Drill Pipe Inp Report'!AZ44="X",1,IF('Prop Drill Pipe Inp Report'!BA44="X",1,IF('Prop Drill Pipe Inp Report'!BB44="X",1,IF('Prop Drill Pipe Inp Report'!BC44="X",1,IF('Prop Drill Pipe Inp Report'!BD44="X",1,IF('Prop Drill Pipe Inp Report'!BE44="X",1,IF('Prop Drill Pipe Inp Report'!BF44="X",1,IF('Prop Drill Pipe Inp Report'!BG44="X",1,IF('Prop Drill Pipe Inp Report'!BH44="X",1,IF('Prop Drill Pipe Inp Report'!BI44="X",1,0))))))))))) -> 0
I38: =IF('Prop Drill Pipe Inp Report'!AD45="X",1,IF('Prop Drill Pipe Inp Report'!AE45="X",1,IF('Prop Drill Pipe Inp Report'!AF45="X",1,IF('Prop Drill Pipe Inp Report'!AG45="X",1,IF('Prop Drill Pipe Inp Report'!AH45="X",1,IF('Prop Drill Pipe Inp Report'!AI45="X",1,IF('Prop Drill Pipe Inp Report'!AJ45="X",1,IF('Prop Drill Pipe Inp Report'!AK45="X",1,IF('Prop Drill Pipe Inp Report'!AL45="X",1,IF('Prop Drill Pipe Inp Report'!AM45="X",1,IF('Prop Drill Pipe Inp Report'!AN45="X",1,IF('Prop Drill Pipe Inp Report'!AO45="X",1,IF('Prop Drill Pipe Inp Report'!AP45="X",1,IF('Prop Drill Pipe Inp Report'!AQ45="X",1,IF('Prop Drill Pipe Inp Report'!AR45="X",1,IF('Prop Drill Pipe Inp Report'!AS45="X",1,IF('Prop Drill Pipe Inp Report'!AT45="X",1,0))))))))))))))))) -> 0 | J38: =IF('Prop Drill Pipe Inp Report'!AY45="X",1,IF('Prop Drill Pipe Inp Report'!AZ45="X",1,IF('Prop Drill Pipe Inp Report'!BA45="X",1,IF('Prop Drill Pipe Inp Report'!BB45="X",1,IF('Prop Drill Pipe Inp Report'!BC45="X",1,IF('Prop Drill Pipe Inp Report'!BD45="X",1,IF('Prop Drill Pipe Inp Report'!BE45="X",1,IF('Prop Drill Pipe Inp Report'!BF45="X",1,IF('Prop Drill Pipe Inp Report'!BG45="X",1,IF('Prop Drill Pipe Inp Report'!BH45="X",1,IF('Prop Drill Pipe Inp Report'!BI45="X",1,0))))))))))) -> 0
I39: =IF('Prop Drill Pipe Inp Report'!AD46="X",1,IF('Prop Drill Pipe Inp Report'!AE46="X",1,IF('Prop Drill Pipe Inp Report'!AF46="X",1,IF('Prop Drill Pipe Inp Report'!AG46="X",1,IF('Prop Drill Pipe Inp Report'!AH46="X",1,IF('Prop Drill Pipe Inp Report'!AI46="X",1,IF('Prop Drill Pipe Inp Report'!AJ46="X",1,IF('Prop Drill Pipe Inp Report'!AK46="X",1,IF('Prop Drill Pipe Inp Report'!AL46="X",1,IF('Prop Drill Pipe Inp Report'!AM46="X",1,IF('Prop Drill Pipe Inp Report'!AN46="X",1,IF('Prop Drill Pipe Inp Report'!AO46="X",1,IF('Prop Drill Pipe Inp Report'!AP46="X",1,IF('Prop Drill Pipe Inp Report'!AQ46="X",1,IF('Prop Drill Pipe Inp Report'!AR46="X",1,IF('Prop Drill Pipe Inp Report'!AS46="X",1,IF('Prop Drill Pipe Inp Report'!AT46="X",1,0))))))))))))))))) -> 0 | J39: =IF('Prop Drill Pipe Inp Report'!AY46="X",1,IF('Prop Drill Pipe Inp Report'!AZ46="X",1,IF('Prop Drill Pipe Inp Report'!BA46="X",1,IF('Prop Drill Pipe Inp Report'!BB46="X",1,IF('Prop Drill Pipe Inp Report'!BC46="X",1,IF('Prop Drill Pipe Inp Report'!BD46="X",1,IF('Prop Drill Pipe Inp Report'!BE46="X",1,IF('Prop Drill Pipe Inp Report'!BF46="X",1,IF('Prop Drill Pipe Inp Report'!BG46="X",1,IF('Prop Drill Pipe Inp Report'!BH46="X",1,IF('Prop Drill Pipe Inp Report'!BI46="X",1,0))))))))))) -> 0
I40: =IF('Prop Drill Pipe Inp Report'!AD47="X",1,IF('Prop Drill Pipe Inp Report'!AE47="X",1,IF('Prop Drill Pipe Inp Report'!AF47="X",1,IF('Prop Drill Pipe Inp Report'!AG47="X",1,IF('Prop Drill Pipe Inp Report'!AH47="X",1,IF('Prop Drill Pipe Inp Report'!AI47="X",1,IF('Prop Drill Pipe Inp Report'!AJ47="X",1,IF('Prop Drill Pipe Inp Report'!AK47="X",1,IF('Prop Drill Pipe Inp Report'!AL47="X",1,IF('Prop Drill Pipe Inp Report'!AM47="X",1,IF('Prop Drill Pipe Inp Report'!AN47="X",1,IF('Prop Drill Pipe Inp Report'!AO47="X",1,IF('Prop Drill Pipe Inp Report'!AP47="X",1,IF('Prop Drill Pipe Inp Report'!AQ47="X",1,IF('Prop Drill Pipe Inp Report'!AR47="X",1,IF('Prop Drill Pipe Inp Report'!AS47="X",1,IF('Prop Drill Pipe Inp Report'!AT47="X",1,0))))))))))))))))) -> 0 | J40: =IF('Prop Drill Pipe Inp Report'!AY47="X",1,IF('Prop Drill Pipe Inp Report'!AZ47="X",1,IF('Prop Drill Pipe Inp Report'!BA47="X",1,IF('Prop Drill Pipe Inp Report'!BB47="X",1,IF('Prop Drill Pipe Inp Report'!BC47="X",1,IF('Prop Drill Pipe Inp Report'!BD47="X",1,IF('Prop Drill Pipe Inp Report'!BE47="X",1,IF('Prop Drill Pipe Inp Report'!BF47="X",1,IF('Prop Drill Pipe Inp Report'!BG47="X",1,IF('Prop Drill Pipe Inp Report'!BH47="X",1,IF('Prop Drill Pipe Inp Report'!BI47="X",1,0))))))))))) -> 0
I41: =IF('Prop Drill Pipe Inp Report'!AD48="X",1,IF('Prop Drill Pipe Inp Report'!AE48="X",1,IF('Prop Drill Pipe Inp Report'!AF48="X",1,IF('Prop Drill Pipe Inp Report'!AG48="X",1,IF('Prop Drill Pipe Inp Report'!AH48="X",1,IF('Prop Drill Pipe Inp Report'!AI48="X",1,IF('Prop Drill Pipe Inp Report'!AJ48="X",1,IF('Prop Drill Pipe Inp Report'!AK48="X",1,IF('Prop Drill Pipe Inp Report'!AL48="X",1,IF('Prop Drill Pipe Inp Report'!AM48="X",1,IF('Prop Drill Pipe Inp Report'!AN48="X",1,IF('Prop Drill Pipe Inp Report'!AO48="X",1,IF('Prop Drill Pipe Inp Report'!AP48="X",1,IF('Prop Drill Pipe Inp Report'!AQ48="X",1,IF('Prop Drill Pipe Inp Report'!AR48="X",1,IF('Prop Drill Pipe Inp Report'!AS48="X",1,IF('Prop Drill Pipe Inp Report'!AT48="X",1,0))))))))))))))))) -> 0 | J41: =IF('Prop Drill Pipe Inp Report'!AY48="X",1,IF('Prop Drill Pipe Inp Report'!AZ48="X",1,IF('Prop Drill Pipe Inp Report'!BA48="X",1,IF('Prop Drill Pipe Inp Report'!BB48="X",1,IF('Prop Drill Pipe Inp Report'!BC48="X",1,IF('Prop Drill Pipe Inp Report'!BD48="X",1,IF('Prop Drill Pipe Inp Report'!BE48="X",1,IF('Prop Drill Pipe Inp Report'!BF48="X",1,IF('Prop Drill Pipe Inp Report'!BG48="X",1,IF('Prop Drill Pipe Inp Report'!BH48="X",1,IF('Prop Drill Pipe Inp Report'!BI48="X",1,0))))))))))) -> 0
... I2500: =IF('Prop Drill Pipe Inp Report'!AD2507="X",1,IF('Prop Drill Pipe Inp Report'!AE2507="X",1,IF('Prop Drill Pipe Inp Report'!AF2507="X",1,IF('Prop Drill Pipe Inp Report'!AG2507="X",1,IF('Prop Drill Pipe Inp Report'!AH2507="X",1,IF('Prop Drill Pipe Inp Report'!AI2507="X",1,IF('Prop Drill Pipe Inp Report'!AJ2507="X",1,IF('Prop Drill Pipe Inp Report'!AK2507="X",1,IF('Prop Drill Pipe Inp Report'!AL2507="X",1,IF('Prop Drill Pipe Inp Report'!AM2507="X",1,IF('Prop Drill Pipe Inp Report'!AN2507="X",1,IF('Prop Drill Pipe Inp Report'!AO2507="X",1,IF('Prop Drill Pipe Inp Report'!AP2507="X",1,IF('Prop Drill Pipe Inp Report'!AQ2507="X",1,IF('Prop Drill Pipe Inp Report'!AR2507="X",1,IF('Prop Drill Pipe Inp Report'!AS2507="X",1,IF('Prop Drill Pipe Inp Report'!AT2507="X",1,0))))))))))))))))) -> 0 | J2500: =IF('Prop Drill Pipe Inp Report'!AY2507="X",1,IF('Prop Drill Pipe Inp Report'!AZ2507="X",1,IF('Prop Drill Pipe Inp Report'!BA2507="X",1,IF('Prop Drill Pipe Inp Report'!BB2507="X",1,IF('Prop Drill Pipe Inp Report'!BC2507="X",1,IF('Prop Drill Pipe Inp Report'!BD2507="X",1,IF('Prop Drill Pipe Inp Report'!BE2507="X",1,IF('Prop Drill Pipe Inp Report'!BF2507="X",1,IF('Prop Drill Pipe Inp Report'!BG2507="X",1,IF('Prop Drill Pipe Inp Report'!BH2507="X",1,IF('Prop Drill Pipe Inp Report'!BI2507="X",1,0))))))))))) -> 0

Sheet Data Sheet HWDP
A1: TOTAL DAMAGES: | B1: =SUM(B2:B13) -> 0 | I1: Joints with Repairs | J1: Joints DBR
A2: =CONCATENATE(LEFT(TRIM('Prop HWDP Inp Report'!AD8),FIND("~",SUBSTITUTE('Prop HWDP Inp Report'!AD8," ","~",LEN(TRIM('Prop HWDP Inp Report'!AD8))-LEN(SUBSTITUTE(TRIM('Prop HWDP Inp Report'!AD8)," ", ""))))-1),":") -> Damaged Seal: | B2: =C3+D3 -> 0 | C2: Box: | D2: Pin: | I2: =IF('Prop HWDP Inp Report'!AD9="X",1,IF('Prop HWDP Inp Report'!AE9="X",1,IF('Prop HWDP Inp Report'!AF9="X",1,IF('Prop HWDP Inp Report'!AG9="X",1,IF('Prop HWDP Inp Report'!AH9="X",1,IF('Prop HWDP Inp Report'!AI9="X",1,IF('Prop HWDP Inp Report'!AJ9="X",1,IF('Prop HWDP Inp Report'!AK9="X",1,IF('Prop HWDP Inp Report'!AL9="X",1,IF('Prop HWDP Inp Report'!AM9="X",1,IF('Prop HWDP Inp Report'!AN9="X",1,IF('Prop HWDP Inp Report'!AO9="X",1,IF('Prop HWDP Inp Report'!AP9="X",1, IF('Prop HWDP Inp Report'!AQ9="X",1,0)))))))))))))) -> 0 | J2: =IF('Prop HWDP Inp Report'!AV9="X",1,IF('Prop HWDP Inp Report'!AW9="X",1,IF('Prop HWDP Inp Report'!AX9="X",1,IF('Prop HWDP Inp Report'!AY9="X",1,IF('Prop HWDP Inp Report'!AZ9="X",1,IF('Prop HWDP Inp Report'!BA9="X",1,IF('Prop HWDP Inp Report'!BB9="X",1,IF('Prop HWDP Inp Report'!BC9="X",1,IF('Prop HWDP Inp Report'!BD9="X",1,IF('Prop HWDP Inp Report'!BE9="X",1,IF('Prop HWDP Inp Report'!BF9="X",1,0))))))))))) -> 0
C3: ='Prop HWDP Inp Report'!AD7 -> 0 | D3: ='Prop HWDP Inp Report'!AE7 -> 0 | I3: =IF('Prop HWDP Inp Report'!AD10="X",1,IF('Prop HWDP Inp Report'!AE10="X",1,IF('Prop HWDP Inp Report'!AF10="X",1,IF('Prop HWDP Inp Report'!AG10="X",1,IF('Prop HWDP Inp Report'!AH10="X",1,IF('Prop HWDP Inp Report'!AI10="X",1,IF('Prop HWDP Inp Report'!AJ10="X",1,IF('Prop HWDP Inp Report'!AK10="X",1,IF('Prop HWDP Inp Report'!AL10="X",1,IF('Prop HWDP Inp Report'!AM10="X",1,IF('Prop HWDP Inp Report'!AN10="X",1,IF('Prop HWDP Inp Report'!AO10="X",1,IF('Prop HWDP Inp Report'!AP10="X",1, IF('Prop HWDP Inp Report'!AQ10="X",1,0)))))))))))))) -> 0 | J3: =IF('Prop HWDP Inp Report'!AV10="X",1,IF('Prop HWDP Inp Report'!AW10="X",1,IF('Prop HWDP Inp Report'!AX10="X",1,IF('Prop HWDP Inp Report'!AY10="X",1,IF('Prop HWDP Inp Report'!AZ10="X",1,IF('Prop HWDP Inp Report'!BA10="X",1,IF('Prop HWDP Inp Report'!BB10="X",1,IF('Prop HWDP Inp Report'!BC10="X",1,IF('Prop HWDP Inp Report'!BD10="X",1,IF('Prop HWDP Inp Report'!BE10="X",1,IF('Prop HWDP Inp Report'!BF10="X",1,0))))))))))) -> 0
A4: =CONCATENATE(LEFT(TRIM('Prop HWDP Inp Report'!AF8),FIND("~",SUBSTITUTE('Prop HWDP Inp Report'!AF8," ","~",LEN(TRIM('Prop HWDP Inp Report'!AF8))-LEN(SUBSTITUTE(TRIM('Prop HWDP Inp Report'!AF8)," ",""))))-1),":") -> Damaged Threads: | B4: =C5+D5 -> 0 | C4: Box: | D4: Pin: | I4: =IF('Prop HWDP Inp Report'!AD11="X",1,IF('Prop HWDP Inp Report'!AE11="X",1,IF('Prop HWDP Inp Report'!AF11="X",1,IF('Prop HWDP Inp Report'!AG11="X",1,IF('Prop HWDP Inp Report'!AH11="X",1,IF('Prop HWDP Inp Report'!AI11="X",1,IF('Prop HWDP Inp Report'!AJ11="X",1,IF('Prop HWDP Inp Report'!AK11="X",1,IF('Prop HWDP Inp Report'!AL11="X",1,IF('Prop HWDP Inp Report'!AM11="X",1,IF('Prop HWDP Inp Report'!AN11="X",1,IF('Prop HWDP Inp Report'!AO11="X",1,IF('Prop HWDP Inp Report'!AP11="X",1, IF('Prop HWDP Inp Report'!AQ11="X",1,0)))))))))))))) -> 0 | J4: =IF('Prop HWDP Inp Report'!AV11="X",1,IF('Prop HWDP Inp Report'!AW11="X",1,IF('Prop HWDP Inp Report'!AX11="X",1,IF('Prop HWDP Inp Report'!AY11="X",1,IF('Prop HWDP Inp Report'!AZ11="X",1,IF('Prop HWDP Inp Report'!BA11="X",1,IF('Prop HWDP Inp Report'!BB11="X",1,IF('Prop HWDP Inp Report'!BC11="X",1,IF('Prop HWDP Inp Report'!BD11="X",1,IF('Prop HWDP Inp Report'!BE11="X",1,IF('Prop HWDP Inp Report'!BF11="X",1,0))))))))))) -> 0
C5: ='Prop HWDP Inp Report'!AF7 -> 0 | D5: ='Prop HWDP Inp Report'!AG7 -> 0 | I5: =IF('Prop HWDP Inp Report'!AD12="X",1,IF('Prop HWDP Inp Report'!AE12="X",1,IF('Prop HWDP Inp Report'!AF12="X",1,IF('Prop HWDP Inp Report'!AG12="X",1,IF('Prop HWDP Inp Report'!AH12="X",1,IF('Prop HWDP Inp Report'!AI12="X",1,IF('Prop HWDP Inp Report'!AJ12="X",1,IF('Prop HWDP Inp Report'!AK12="X",1,IF('Prop HWDP Inp Report'!AL12="X",1,IF('Prop HWDP Inp Report'!AM12="X",1,IF('Prop HWDP Inp Report'!AN12="X",1,IF('Prop HWDP Inp Report'!AO12="X",1,IF('Prop HWDP Inp Report'!AP12="X",1, IF('Prop HWDP Inp Report'!AQ12="X",1,0)))))))))))))) -> 0 | J5: =IF('Prop HWDP Inp Report'!AV12="X",1,IF('Prop HWDP Inp Report'!AW12="X",1,IF('Prop HWDP Inp Report'!AX12="X",1,IF('Prop HWDP Inp Report'!AY12="X",1,IF('Prop HWDP Inp Report'!AZ12="X",1,IF('Prop HWDP Inp Report'!BA12="X",1,IF('Prop HWDP Inp Report'!BB12="X",1,IF('Prop HWDP Inp Report'!BC12="X",1,IF('Prop HWDP Inp Report'!BD12="X",1,IF('Prop HWDP Inp Report'!BE12="X",1,IF('Prop HWDP Inp Report'!BF12="X",1,0))))))))))) -> 0
A6: =CONCATENATE(LEFT(TRIM('Prop HWDP Inp Report'!AH8),FIND("~",SUBSTITUTE('Prop HWDP Inp Report'!AH8," ","~",LEN(TRIM('Prop HWDP Inp Report'!AH8))-LEN(SUBSTITUTE(TRIM('Prop HWDP Inp Report'!AH8)," ",""))))-1),":") -> Damaged Torque Shoulder: | B6: =SUM(C7:D7) -> 0 | C6: Box: | D6: Pin: | I6: =IF('Prop HWDP Inp Report'!AD13="X",1,IF('Prop HWDP Inp Report'!AE13="X",1,IF('Prop HWDP Inp Report'!AF13="X",1,IF('Prop HWDP Inp Report'!AG13="X",1,IF('Prop HWDP Inp Report'!AH13="X",1,IF('Prop HWDP Inp Report'!AI13="X",1,IF('Prop HWDP Inp Report'!AJ13="X",1,IF('Prop HWDP Inp Report'!AK13="X",1,IF('Prop HWDP Inp Report'!AL13="X",1,IF('Prop HWDP Inp Report'!AM13="X",1,IF('Prop HWDP Inp Report'!AN13="X",1,IF('Prop HWDP Inp Report'!AO13="X",1,IF('Prop HWDP Inp Report'!AP13="X",1, IF('Prop HWDP Inp Report'!AQ13="X",1,0)))))))))))))) -> 0 | J6: =IF('Prop HWDP Inp Report'!AV13="X",1,IF('Prop HWDP Inp Report'!AW13="X",1,IF('Prop HWDP Inp Report'!AX13="X",1,IF('Prop HWDP Inp Report'!AY13="X",1,IF('Prop HWDP Inp Report'!AZ13="X",1,IF('Prop HWDP Inp Report'!BA13="X",1,IF('Prop HWDP Inp Report'!BB13="X",1,IF('Prop HWDP Inp Report'!BC13="X",1,IF('Prop HWDP Inp Report'!BD13="X",1,IF('Prop HWDP Inp Report'!BE13="X",1,IF('Prop HWDP Inp Report'!BF13="X",1,0))))))))))) -> 0
C7: ='Prop HWDP Inp Report'!AH7 -> 0 | D7: ='Prop HWDP Inp Report'!AI7 -> 0 | I7: =IF('Prop HWDP Inp Report'!AD14="X",1,IF('Prop HWDP Inp Report'!AE14="X",1,IF('Prop HWDP Inp Report'!AF14="X",1,IF('Prop HWDP Inp Report'!AG14="X",1,IF('Prop HWDP Inp Report'!AH14="X",1,IF('Prop HWDP Inp Report'!AI14="X",1,IF('Prop HWDP Inp Report'!AJ14="X",1,IF('Prop HWDP Inp Report'!AK14="X",1,IF('Prop HWDP Inp Report'!AL14="X",1,IF('Prop HWDP Inp Report'!AM14="X",1,IF('Prop HWDP Inp Report'!AN14="X",1,IF('Prop HWDP Inp Report'!AO14="X",1,IF('Prop HWDP Inp Report'!AP14="X",1, IF('Prop HWDP Inp Report'!AQ14="X",1,0)))))))))))))) -> 0 | J7: =IF('Prop HWDP Inp Report'!AV14="X",1,IF('Prop HWDP Inp Report'!AW14="X",1,IF('Prop HWDP Inp Report'!AX14="X",1,IF('Prop HWDP Inp Report'!AY14="X",1,IF('Prop HWDP Inp Report'!AZ14="X",1,IF('Prop HWDP Inp Report'!BA14="X",1,IF('Prop HWDP Inp Report'!BB14="X",1,IF('Prop HWDP Inp Report'!BC14="X",1,IF('Prop HWDP Inp Report'!BD14="X",1,IF('Prop HWDP Inp Report'!BE14="X",1,IF('Prop HWDP Inp Report'!BF14="X",1,0))))))))))) -> 0
A8: =CONCATENATE(LEFT(TRIM('Prop HWDP Inp Report'!AJ8),FIND("~",SUBSTITUTE('Prop HWDP Inp Report'!AJ8," ","~",LEN(TRIM('Prop HWDP Inp Report'!AJ8))-LEN(SUBSTITUTE(TRIM('Prop HWDP Inp Report'!AJ8)," ",""))))-1),":") -> Over Refaced: | B8: =SUM(C9:D9) -> 0 | C8: Box: | D8: Pin: | I8: =IF('Prop HWDP Inp Report'!AD15="X",1,IF('Prop HWDP Inp Report'!AE15="X",1,IF('Prop HWDP Inp Report'!AF15="X",1,IF('Prop HWDP Inp Report'!AG15="X",1,IF('Prop HWDP Inp Report'!AH15="X",1,IF('Prop HWDP Inp Report'!AI15="X",1,IF('Prop HWDP Inp Report'!AJ15="X",1,IF('Prop HWDP Inp Report'!AK15="X",1,IF('Prop HWDP Inp Report'!AL15="X",1,IF('Prop HWDP Inp Report'!AM15="X",1,IF('Prop HWDP Inp Report'!AN15="X",1,IF('Prop HWDP Inp Report'!AO15="X",1,IF('Prop HWDP Inp Report'!AP15="X",1, IF('Prop HWDP Inp Report'!AQ15="X",1,0)))))))))))))) -> 0 | J8: =IF('Prop HWDP Inp Report'!AV15="X",1,IF('Prop HWDP Inp Report'!AW15="X",1,IF('Prop HWDP Inp Report'!AX15="X",1,IF('Prop HWDP Inp Report'!AY15="X",1,IF('Prop HWDP Inp Report'!AZ15="X",1,IF('Prop HWDP Inp Report'!BA15="X",1,IF('Prop HWDP Inp Report'!BB15="X",1,IF('Prop HWDP Inp Report'!BC15="X",1,IF('Prop HWDP Inp Report'!BD15="X",1,IF('Prop HWDP Inp Report'!BE15="X",1,IF('Prop HWDP Inp Report'!BF15="X",1,0))))))))))) -> 0
C9: ='Prop HWDP Inp Report'!AJ7 -> 0 | D9: ='Prop HWDP Inp Report'!AK7 -> 0 | I9: =IF('Prop HWDP Inp Report'!AD16="X",1,IF('Prop HWDP Inp Report'!AE16="X",1,IF('Prop HWDP Inp Report'!AF16="X",1,IF('Prop HWDP Inp Report'!AG16="X",1,IF('Prop HWDP Inp Report'!AH16="X",1,IF('Prop HWDP Inp Report'!AI16="X",1,IF('Prop HWDP Inp Report'!AJ16="X",1,IF('Prop HWDP Inp Report'!AK16="X",1,IF('Prop HWDP Inp Report'!AL16="X",1,IF('Prop HWDP Inp Report'!AM16="X",1,IF('Prop HWDP Inp Report'!AN16="X",1,IF('Prop HWDP Inp Report'!AO16="X",1,IF('Prop HWDP Inp Report'!AP16="X",1, IF('Prop HWDP Inp Report'!AQ16="X",1,0)))))))))))))) -> 0 | J9: =IF('Prop HWDP Inp Report'!AV16="X",1,IF('Prop HWDP Inp Report'!AW16="X",1,IF('Prop HWDP Inp Report'!AX16="X",1,IF('Prop HWDP Inp Report'!AY16="X",1,IF('Prop HWDP Inp Report'!AZ16="X",1,IF('Prop HWDP Inp Report'!BA16="X",1,IF('Prop HWDP Inp Report'!BB16="X",1,IF('Prop HWDP Inp Report'!BC16="X",1,IF('Prop HWDP Inp Report'!BD16="X",1,IF('Prop HWDP Inp Report'!BE16="X",1,IF('Prop HWDP Inp Report'!BF16="X",1,0))))))))))) -> 0
A10: ='Prop HWDP Inp Report'!AL8 -> Bent Tube: | B10: ='Prop HWDP Inp Report'!AL7 -> 0 | I10: =IF('Prop HWDP Inp Report'!AD17="X",1,IF('Prop HWDP Inp Report'!AE17="X",1,IF('Prop HWDP Inp Report'!AF17="X",1,IF('Prop HWDP Inp Report'!AG17="X",1,IF('Prop HWDP Inp Report'!AH17="X",1,IF('Prop HWDP Inp Report'!AI17="X",1,IF('Prop HWDP Inp Report'!AJ17="X",1,IF('Prop HWDP Inp Report'!AK17="X",1,IF('Prop HWDP Inp Report'!AL17="X",1,IF('Prop HWDP Inp Report'!AM17="X",1,IF('Prop HWDP Inp Report'!AN17="X",1,IF('Prop HWDP Inp Report'!AO17="X",1,IF('Prop HWDP Inp Report'!AP17="X",1, IF('Prop HWDP Inp Report'!AQ17="X",1,0)))))))))))))) -> 0 | J10: =IF('Prop HWDP Inp Report'!AV17="X",1,IF('Prop HWDP Inp Report'!AW17="X",1,IF('Prop HWDP Inp Report'!AX17="X",1,IF('Prop HWDP Inp Report'!AY17="X",1,IF('Prop HWDP Inp Report'!AZ17="X",1,IF('Prop HWDP Inp Report'!BA17="X",1,IF('Prop HWDP Inp Report'!BB17="X",1,IF('Prop HWDP Inp Report'!BC17="X",1,IF('Prop HWDP Inp Report'!BD17="X",1,IF('Prop HWDP Inp Report'!BE17="X",1,IF('Prop HWDP Inp Report'!BF17="X",1,0))))))))))) -> 0
A11: ='Prop HWDP Inp Report'!AM8 -> Other Damage: | B11: ='Prop HWDP Inp Report'!AM7 -> 0 | I11: =IF('Prop HWDP Inp Report'!AD18="X",1,IF('Prop HWDP Inp Report'!AE18="X",1,IF('Prop HWDP Inp Report'!AF18="X",1,IF('Prop HWDP Inp Report'!AG18="X",1,IF('Prop HWDP Inp Report'!AH18="X",1,IF('Prop HWDP Inp Report'!AI18="X",1,IF('Prop HWDP Inp Report'!AJ18="X",1,IF('Prop HWDP Inp Report'!AK18="X",1,IF('Prop HWDP Inp Report'!AL18="X",1,IF('Prop HWDP Inp Report'!AM18="X",1,IF('Prop HWDP Inp Report'!AN18="X",1,IF('Prop HWDP Inp Report'!AO18="X",1,IF('Prop HWDP Inp Report'!AP18="X",1, IF('Prop HWDP Inp Report'!AQ18="X",1,0)))))))))))))) -> 0 | J11: =IF('Prop HWDP Inp Report'!AV18="X",1,IF('Prop HWDP Inp Report'!AW18="X",1,IF('Prop HWDP Inp Report'!AX18="X",1,IF('Prop HWDP Inp Report'!AY18="X",1,IF('Prop HWDP Inp Report'!AZ18="X",1,IF('Prop HWDP Inp Report'!BA18="X",1,IF('Prop HWDP Inp Report'!BB18="X",1,IF('Prop HWDP Inp Report'!BC18="X",1,IF('Prop HWDP Inp Report'!BD18="X",1,IF('Prop HWDP Inp Report'!BE18="X",1,IF('Prop HWDP Inp Report'!BF18="X",1,0))))))))))) -> 0
A12: ='Prop HWDP Inp Report'!AN8 -> Other Damage: | B12: ='Prop HWDP Inp Report'!AN7 -> 0 | I12: =IF('Prop HWDP Inp Report'!AD19="X",1,IF('Prop HWDP Inp Report'!AE19="X",1,IF('Prop HWDP Inp Report'!AF19="X",1,IF('Prop HWDP Inp Report'!AG19="X",1,IF('Prop HWDP Inp Report'!AH19="X",1,IF('Prop HWDP Inp Report'!AI19="X",1,IF('Prop HWDP Inp Report'!AJ19="X",1,IF('Prop HWDP Inp Report'!AK19="X",1,IF('Prop HWDP Inp Report'!AL19="X",1,IF('Prop HWDP Inp Report'!AM19="X",1,IF('Prop HWDP Inp Report'!AN19="X",1,IF('Prop HWDP Inp Report'!AO19="X",1,IF('Prop HWDP Inp Report'!AP19="X",1, IF('Prop HWDP Inp Report'!AQ19="X",1,0)))))))))))))) -> 0 | J12: =IF('Prop HWDP Inp Report'!AV19="X",1,IF('Prop HWDP Inp Report'!AW19="X",1,IF('Prop HWDP Inp Report'!AX19="X",1,IF('Prop HWDP Inp Report'!AY19="X",1,IF('Prop HWDP Inp Report'!AZ19="X",1,IF('Prop HWDP Inp Report'!BA19="X",1,IF('Prop HWDP Inp Report'!BB19="X",1,IF('Prop HWDP Inp Report'!BC19="X",1,IF('Prop HWDP Inp Report'!BD19="X",1,IF('Prop HWDP Inp Report'!BE19="X",1,IF('Prop HWDP Inp Report'!BF19="X",1,0))))))))))) -> 0
A13: ='Prop HWDP Inp Report'!AO8 -> Other Damage: | B13: ='Prop HWDP Inp Report'!AO7 -> 0 | I13: =IF('Prop HWDP Inp Report'!AD20="X",1,IF('Prop HWDP Inp Report'!AE20="X",1,IF('Prop HWDP Inp Report'!AF20="X",1,IF('Prop HWDP Inp Report'!AG20="X",1,IF('Prop HWDP Inp Report'!AH20="X",1,IF('Prop HWDP Inp Report'!AI20="X",1,IF('Prop HWDP Inp Report'!AJ20="X",1,IF('Prop HWDP Inp Report'!AK20="X",1,IF('Prop HWDP Inp Report'!AL20="X",1,IF('Prop HWDP Inp Report'!AM20="X",1,IF('Prop HWDP Inp Report'!AN20="X",1,IF('Prop HWDP Inp Report'!AO20="X",1,IF('Prop HWDP Inp Report'!AP20="X",1, IF('Prop HWDP Inp Report'!AQ20="X",1,0)))))))))))))) -> 0 | J13: =IF('Prop HWDP Inp Report'!AV20="X",1,IF('Prop HWDP Inp Report'!AW20="X",1,IF('Prop HWDP Inp Report'!AX20="X",1,IF('Prop HWDP Inp Report'!AY20="X",1,IF('Prop HWDP Inp Report'!AZ20="X",1,IF('Prop HWDP Inp Report'!BA20="X",1,IF('Prop HWDP Inp Report'!BB20="X",1,IF('Prop HWDP Inp Report'!BC20="X",1,IF('Prop HWDP Inp Report'!BD20="X",1,IF('Prop HWDP Inp Report'!BE20="X",1,IF('Prop HWDP Inp Report'!BF20="X",1,0))))))))))) -> 0
A14: =CONCATENATE(LEFT(TRIM('Prop HWDP Inp Report'!AP8),FIND("~",SUBSTITUTE('Prop HWDP Inp Report'!AP8," ","~",LEN(TRIM('Prop HWDP Inp Report'!AP8))-LEN(SUBSTITUTE(TRIM('Prop HWDP Inp Report'!AP8)," ",""))))-1),":") -> Damaged Hardband: | B14: =SUM(C15:D15) -> 0 | C14: Box: | D14: Pin: | I14: =IF('Prop HWDP Inp Report'!AD21="X",1,IF('Prop HWDP Inp Report'!AE21="X",1,IF('Prop HWDP Inp Report'!AF21="X",1,IF('Prop HWDP Inp Report'!AG21="X",1,IF('Prop HWDP Inp Report'!AH21="X",1,IF('Prop HWDP Inp Report'!AI21="X",1,IF('Prop HWDP Inp Report'!AJ21="X",1,IF('Prop HWDP Inp Report'!AK21="X",1,IF('Prop HWDP Inp Report'!AL21="X",1,IF('Prop HWDP Inp Report'!AM21="X",1,IF('Prop HWDP Inp Report'!AN21="X",1,IF('Prop HWDP Inp Report'!AO21="X",1,IF('Prop HWDP Inp Report'!AP21="X",1, IF('Prop HWDP Inp Report'!AQ21="X",1,0)))))))))))))) -> 0 | J14: =IF('Prop HWDP Inp Report'!AV21="X",1,IF('Prop HWDP Inp Report'!AW21="X",1,IF('Prop HWDP Inp Report'!AX21="X",1,IF('Prop HWDP Inp Report'!AY21="X",1,IF('Prop HWDP Inp Report'!AZ21="X",1,IF('Prop HWDP Inp Report'!BA21="X",1,IF('Prop HWDP Inp Report'!BB21="X",1,IF('Prop HWDP Inp Report'!BC21="X",1,IF('Prop HWDP Inp Report'!BD21="X",1,IF('Prop HWDP Inp Report'!BE21="X",1,IF('Prop HWDP Inp Report'!BF21="X",1,0))))))))))) -> 0
C15: ='Prop HWDP Inp Report'!AP7 -> 0 | D15: ='Prop HWDP Inp Report'!AQ7 -> 0 | I15: =IF('Prop HWDP Inp Report'!AD22="X",1,IF('Prop HWDP Inp Report'!AE22="X",1,IF('Prop HWDP Inp Report'!AF22="X",1,IF('Prop HWDP Inp Report'!AG22="X",1,IF('Prop HWDP Inp Report'!AH22="X",1,IF('Prop HWDP Inp Report'!AI22="X",1,IF('Prop HWDP Inp Report'!AJ22="X",1,IF('Prop HWDP Inp Report'!AK22="X",1,IF('Prop HWDP Inp Report'!AL22="X",1,IF('Prop HWDP Inp Report'!AM22="X",1,IF('Prop HWDP Inp Report'!AN22="X",1,IF('Prop HWDP Inp Report'!AO22="X",1,IF('Prop HWDP Inp Report'!AP22="X",1, IF('Prop HWDP Inp Report'!AQ22="X",1,0)))))))))))))) -> 0 | J15: =IF('Prop HWDP Inp Report'!AV22="X",1,IF('Prop HWDP Inp Report'!AW22="X",1,IF('Prop HWDP Inp Report'!AX22="X",1,IF('Prop HWDP Inp Report'!AY22="X",1,IF('Prop HWDP Inp Report'!AZ22="X",1,IF('Prop HWDP Inp Report'!BA22="X",1,IF('Prop HWDP Inp Report'!BB22="X",1,IF('Prop HWDP Inp Report'!BC22="X",1,IF('Prop HWDP Inp Report'!BD22="X",1,IF('Prop HWDP Inp Report'!BE22="X",1,IF('Prop HWDP Inp Report'!BF22="X",1,0))))))))))) -> 0
A16: =CONCATENATE(LEFT(TRIM('Prop HWDP Inp Report'!AV8),FIND("~",SUBSTITUTE('Prop HWDP Inp Report'!AV8," ","~",LEN(TRIM('Prop HWDP Inp Report'!AV8))-LEN(SUBSTITUTE(TRIM('Prop HWDP Inp Report'!AV8)," ",""))))-1),":") -> DBR Hardband: | B16: =SUM(C17:D17) -> 0 | C16: Box: | D16: Pin: | I16: =IF('Prop HWDP Inp Report'!AD23="X",1,IF('Prop HWDP Inp Report'!AE23="X",1,IF('Prop HWDP Inp Report'!AF23="X",1,IF('Prop HWDP Inp Report'!AG23="X",1,IF('Prop HWDP Inp Report'!AH23="X",1,IF('Prop HWDP Inp Report'!AI23="X",1,IF('Prop HWDP Inp Report'!AJ23="X",1,IF('Prop HWDP Inp Report'!AK23="X",1,IF('Prop HWDP Inp Report'!AL23="X",1,IF('Prop HWDP Inp Report'!AM23="X",1,IF('Prop HWDP Inp Report'!AN23="X",1,IF('Prop HWDP Inp Report'!AO23="X",1,IF('Prop HWDP Inp Report'!AP23="X",1, IF('Prop HWDP Inp Report'!AQ23="X",1,0)))))))))))))) -> 0 | J16: =IF('Prop HWDP Inp Report'!AV23="X",1,IF('Prop HWDP Inp Report'!AW23="X",1,IF('Prop HWDP Inp Report'!AX23="X",1,IF('Prop HWDP Inp Report'!AY23="X",1,IF('Prop HWDP Inp Report'!AZ23="X",1,IF('Prop HWDP Inp Report'!BA23="X",1,IF('Prop HWDP Inp Report'!BB23="X",1,IF('Prop HWDP Inp Report'!BC23="X",1,IF('Prop HWDP Inp Report'!BD23="X",1,IF('Prop HWDP Inp Report'!BE23="X",1,IF('Prop HWDP Inp Report'!BF23="X",1,0))))))))))) -> 0
C17: ='Prop HWDP Inp Report'!AV7 -> 0 | D17: ='Prop HWDP Inp Report'!AW7 -> 0 | I17: =IF('Prop HWDP Inp Report'!AD24="X",1,IF('Prop HWDP Inp Report'!AE24="X",1,IF('Prop HWDP Inp Report'!AF24="X",1,IF('Prop HWDP Inp Report'!AG24="X",1,IF('Prop HWDP Inp Report'!AH24="X",1,IF('Prop HWDP Inp Report'!AI24="X",1,IF('Prop HWDP Inp Report'!AJ24="X",1,IF('Prop HWDP Inp Report'!AK24="X",1,IF('Prop HWDP Inp Report'!AL24="X",1,IF('Prop HWDP Inp Report'!AM24="X",1,IF('Prop HWDP Inp Report'!AN24="X",1,IF('Prop HWDP Inp Report'!AO24="X",1,IF('Prop HWDP Inp Report'!AP24="X",1, IF('Prop HWDP Inp Report'!AQ24="X",1,0)))))))))))))) -> 0 | J17: =IF('Prop HWDP Inp Report'!AV24="X",1,IF('Prop HWDP Inp Report'!AW24="X",1,IF('Prop HWDP Inp Report'!AX24="X",1,IF('Prop HWDP Inp Report'!AY24="X",1,IF('Prop HWDP Inp Report'!AZ24="X",1,IF('Prop HWDP Inp Report'!BA24="X",1,IF('Prop HWDP Inp Report'!BB24="X",1,IF('Prop HWDP Inp Report'!BC24="X",1,IF('Prop HWDP Inp Report'!BD24="X",1,IF('Prop HWDP Inp Report'!BE24="X",1,IF('Prop HWDP Inp Report'!BF24="X",1,0))))))))))) -> 0
A18: ='Prop HWDP Inp Report'!AX8 -> Minimum Wall Tube: | B18: ='Prop HWDP Inp Report'!AX7 -> 0 | I18: =IF('Prop HWDP Inp Report'!AD25="X",1,IF('Prop HWDP Inp Report'!AE25="X",1,IF('Prop HWDP Inp Report'!AF25="X",1,IF('Prop HWDP Inp Report'!AG25="X",1,IF('Prop HWDP Inp Report'!AH25="X",1,IF('Prop HWDP Inp Report'!AI25="X",1,IF('Prop HWDP Inp Report'!AJ25="X",1,IF('Prop HWDP Inp Report'!AK25="X",1,IF('Prop HWDP Inp Report'!AL25="X",1,IF('Prop HWDP Inp Report'!AM25="X",1,IF('Prop HWDP Inp Report'!AN25="X",1,IF('Prop HWDP Inp Report'!AO25="X",1,IF('Prop HWDP Inp Report'!AP25="X",1, IF('Prop HWDP Inp Report'!AQ25="X",1,0)))))))))))))) -> 0 | J18: =IF('Prop HWDP Inp Report'!AV25="X",1,IF('Prop HWDP Inp Report'!AW25="X",1,IF('Prop HWDP Inp Report'!AX25="X",1,IF('Prop HWDP Inp Report'!AY25="X",1,IF('Prop HWDP Inp Report'!AZ25="X",1,IF('Prop HWDP Inp Report'!BA25="X",1,IF('Prop HWDP Inp Report'!BB25="X",1,IF('Prop HWDP Inp Report'!BC25="X",1,IF('Prop HWDP Inp Report'!BD25="X",1,IF('Prop HWDP Inp Report'!BE25="X",1,IF('Prop HWDP Inp Report'!BF25="X",1,0))))))))))) -> 0
A19: =CONCATENATE(LEFT(TRIM('Prop HWDP Inp Report'!AY8),FIND("~",SUBSTITUTE('Prop HWDP Inp Report'!AY8," ","~",LEN(TRIM('Prop HWDP Inp Report'!AY8))-LEN(SUBSTITUTE(TRIM('Prop HWDP Inp Report'!AY8)," ",""))))-1),":") -> Min Tong: | B19: =SUM(C20:D20) -> 0 | C19: Box: | D19: Pin: | I19: =IF('Prop HWDP Inp Report'!AD26="X",1,IF('Prop HWDP Inp Report'!AE26="X",1,IF('Prop HWDP Inp Report'!AF26="X",1,IF('Prop HWDP Inp Report'!AG26="X",1,IF('Prop HWDP Inp Report'!AH26="X",1,IF('Prop HWDP Inp Report'!AI26="X",1,IF('Prop HWDP Inp Report'!AJ26="X",1,IF('Prop HWDP Inp Report'!AK26="X",1,IF('Prop HWDP Inp Report'!AL26="X",1,IF('Prop HWDP Inp Report'!AM26="X",1,IF('Prop HWDP Inp Report'!AN26="X",1,IF('Prop HWDP Inp Report'!AO26="X",1,IF('Prop HWDP Inp Report'!AP26="X",1, IF('Prop HWDP Inp Report'!AQ26="X",1,0)))))))))))))) -> 0 | J19: =IF('Prop HWDP Inp Report'!AV26="X",1,IF('Prop HWDP Inp Report'!AW26="X",1,IF('Prop HWDP Inp Report'!AX26="X",1,IF('Prop HWDP Inp Report'!AY26="X",1,IF('Prop HWDP Inp Report'!AZ26="X",1,IF('Prop HWDP Inp Report'!BA26="X",1,IF('Prop HWDP Inp Report'!BB26="X",1,IF('Prop HWDP Inp Report'!BC26="X",1,IF('Prop HWDP Inp Report'!BD26="X",1,IF('Prop HWDP Inp Report'!BE26="X",1,IF('Prop HWDP Inp Report'!BF26="X",1,0))))))))))) -> 0
C20: ='Prop HWDP Inp Report'!AY7 -> 0 | D20: ='Prop HWDP Inp Report'!AZ7 -> 0 | I20: =IF('Prop HWDP Inp Report'!AD27="X",1,IF('Prop HWDP Inp Report'!AE27="X",1,IF('Prop HWDP Inp Report'!AF27="X",1,IF('Prop HWDP Inp Report'!AG27="X",1,IF('Prop HWDP Inp Report'!AH27="X",1,IF('Prop HWDP Inp Report'!AI27="X",1,IF('Prop HWDP Inp Report'!AJ27="X",1,IF('Prop HWDP Inp Report'!AK27="X",1,IF('Prop HWDP Inp Report'!AL27="X",1,IF('Prop HWDP Inp Report'!AM27="X",1,IF('Prop HWDP Inp Report'!AN27="X",1,IF('Prop HWDP Inp Report'!AO27="X",1,IF('Prop HWDP Inp Report'!AP27="X",1, IF('Prop HWDP Inp Report'!AQ27="X",1,0)))))))))))))) -> 0 | J20: =IF('Prop HWDP Inp Report'!AV27="X",1,IF('Prop HWDP Inp Report'!AW27="X",1,IF('Prop HWDP Inp Report'!AX27="X",1,IF('Prop HWDP Inp Report'!AY27="X",1,IF('Prop HWDP Inp Report'!AZ27="X",1,IF('Prop HWDP Inp Report'!BA27="X",1,IF('Prop HWDP Inp Report'!BB27="X",1,IF('Prop HWDP Inp Report'!BC27="X",1,IF('Prop HWDP Inp Report'!BD27="X",1,IF('Prop HWDP Inp Report'!BE27="X",1,IF('Prop HWDP Inp Report'!BF27="X",1,0))))))))))) -> 0
A21: =CONCATENATE(LEFT(TRIM('Prop HWDP Inp Report'!BA8),FIND("~",SUBSTITUTE('Prop HWDP Inp Report'!BA8," ","~",LEN(TRIM('Prop HWDP Inp Report'!BA8))-LEN(SUBSTITUTE(TRIM('Prop HWDP Inp Report'!BA8)," ", ""))))-1),":") -> Min Seal: | B21: =SUM(C22:D22) -> 0 | C21: Box: | D21: Pin: | I21: =IF('Prop HWDP Inp Report'!AD28="X",1,IF('Prop HWDP Inp Report'!AE28="X",1,IF('Prop HWDP Inp Report'!AF28="X",1,IF('Prop HWDP Inp Report'!AG28="X",1,IF('Prop HWDP Inp Report'!AH28="X",1,IF('Prop HWDP Inp Report'!AI28="X",1,IF('Prop HWDP Inp Report'!AJ28="X",1,IF('Prop HWDP Inp Report'!AK28="X",1,IF('Prop HWDP Inp Report'!AL28="X",1,IF('Prop HWDP Inp Report'!AM28="X",1,IF('Prop HWDP Inp Report'!AN28="X",1,IF('Prop HWDP Inp Report'!AO28="X",1,IF('Prop HWDP Inp Report'!AP28="X",1, IF('Prop HWDP Inp Report'!AQ28="X",1,0)))))))))))))) -> 0 | J21: =IF('Prop HWDP Inp Report'!AV28="X",1,IF('Prop HWDP Inp Report'!AW28="X",1,IF('Prop HWDP Inp Report'!AX28="X",1,IF('Prop HWDP Inp Report'!AY28="X",1,IF('Prop HWDP Inp Report'!AZ28="X",1,IF('Prop HWDP Inp Report'!BA28="X",1,IF('Prop HWDP Inp Report'!BB28="X",1,IF('Prop HWDP Inp Report'!BC28="X",1,IF('Prop HWDP Inp Report'!BD28="X",1,IF('Prop HWDP Inp Report'!BE28="X",1,IF('Prop HWDP Inp Report'!BF28="X",1,0))))))))))) -> 0
C22: ='Prop HWDP Inp Report'!BA7 -> 0 | D22: ='Prop HWDP Inp Report'!BB7 -> 0 | I22: =IF('Prop HWDP Inp Report'!AD29="X",1,IF('Prop HWDP Inp Report'!AE29="X",1,IF('Prop HWDP Inp Report'!AF29="X",1,IF('Prop HWDP Inp Report'!AG29="X",1,IF('Prop HWDP Inp Report'!AH29="X",1,IF('Prop HWDP Inp Report'!AI29="X",1,IF('Prop HWDP Inp Report'!AJ29="X",1,IF('Prop HWDP Inp Report'!AK29="X",1,IF('Prop HWDP Inp Report'!AL29="X",1,IF('Prop HWDP Inp Report'!AM29="X",1,IF('Prop HWDP Inp Report'!AN29="X",1,IF('Prop HWDP Inp Report'!AO29="X",1,IF('Prop HWDP Inp Report'!AP29="X",1, IF('Prop HWDP Inp Report'!AQ29="X",1,0)))))))))))))) -> 0 | J22: =IF('Prop HWDP Inp Report'!AV29="X",1,IF('Prop HWDP Inp Report'!AW29="X",1,IF('Prop HWDP Inp Report'!AX29="X",1,IF('Prop HWDP Inp Report'!AY29="X",1,IF('Prop HWDP Inp Report'!AZ29="X",1,IF('Prop HWDP Inp Report'!BA29="X",1,IF('Prop HWDP Inp Report'!BB29="X",1,IF('Prop HWDP Inp Report'!BC29="X",1,IF('Prop HWDP Inp Report'!BD29="X",1,IF('Prop HWDP Inp Report'!BE29="X",1,IF('Prop HWDP Inp Report'!BF29="X",1,0))))))))))) -> 0
A23: ='Prop HWDP Inp Report'!BC8 -> Minimum OD: | B23: ='Prop HWDP Inp Report'!BC7 -> 0 | I23: =IF('Prop HWDP Inp Report'!AD30="X",1,IF('Prop HWDP Inp Report'!AE30="X",1,IF('Prop HWDP Inp Report'!AF30="X",1,IF('Prop HWDP Inp Report'!AG30="X",1,IF('Prop HWDP Inp Report'!AH30="X",1,IF('Prop HWDP Inp Report'!AI30="X",1,IF('Prop HWDP Inp Report'!AJ30="X",1,IF('Prop HWDP Inp Report'!AK30="X",1,IF('Prop HWDP Inp Report'!AL30="X",1,IF('Prop HWDP Inp Report'!AM30="X",1,IF('Prop HWDP Inp Report'!AN30="X",1,IF('Prop HWDP Inp Report'!AO30="X",1,IF('Prop HWDP Inp Report'!AP30="X",1, IF('Prop HWDP Inp Report'!AQ30="X",1,0)))))))))))))) -> 0 | J23: =IF('Prop HWDP Inp Report'!AV30="X",1,IF('Prop HWDP Inp Report'!AW30="X",1,IF('Prop HWDP Inp Report'!AX30="X",1,IF('Prop HWDP Inp Report'!AY30="X",1,IF('Prop HWDP Inp Report'!AZ30="X",1,IF('Prop HWDP Inp Report'!BA30="X",1,IF('Prop HWDP Inp Report'!BB30="X",1,IF('Prop HWDP Inp Report'!BC30="X",1,IF('Prop HWDP Inp Report'!BD30="X",1,IF('Prop HWDP Inp Report'!BE30="X",1,IF('Prop HWDP Inp Report'!BF30="X",1,0))))))))))) -> 0
A24: ='Prop HWDP Inp Report'!BD8 -> Damaged Tube: | B24: ='Prop HWDP Inp Report'!BD7 -> 0 | I24: =IF('Prop HWDP Inp Report'!AD31="X",1,IF('Prop HWDP Inp Report'!AE31="X",1,IF('Prop HWDP Inp Report'!AF31="X",1,IF('Prop HWDP Inp Report'!AG31="X",1,IF('Prop HWDP Inp Report'!AH31="X",1,IF('Prop HWDP Inp Report'!AI31="X",1,IF('Prop HWDP Inp Report'!AJ31="X",1,IF('Prop HWDP Inp Report'!AK31="X",1,IF('Prop HWDP Inp Report'!AL31="X",1,IF('Prop HWDP Inp Report'!AM31="X",1,IF('Prop HWDP Inp Report'!AN31="X",1,IF('Prop HWDP Inp Report'!AO31="X",1,IF('Prop HWDP Inp Report'!AP31="X",1, IF('Prop HWDP Inp Report'!AQ31="X",1,0)))))))))))))) -> 0 | J24: =IF('Prop HWDP Inp Report'!AV31="X",1,IF('Prop HWDP Inp Report'!AW31="X",1,IF('Prop HWDP Inp Report'!AX31="X",1,IF('Prop HWDP Inp Report'!AY31="X",1,IF('Prop HWDP Inp Report'!AZ31="X",1,IF('Prop HWDP Inp Report'!BA31="X",1,IF('Prop HWDP Inp Report'!BB31="X",1,IF('Prop HWDP Inp Report'!BC31="X",1,IF('Prop HWDP Inp Report'!BD31="X",1,IF('Prop HWDP Inp Report'!BE31="X",1,IF('Prop HWDP Inp Report'!BF31="X",1,0))))))))))) -> 0
A25: ='Prop HWDP Inp Report'!BE8 -> EMI Reject: | B25: ='Prop HWDP Inp Report'!BE7 -> 0 | I25: =IF('Prop HWDP Inp Report'!AD32="X",1,IF('Prop HWDP Inp Report'!AE32="X",1,IF('Prop HWDP Inp Report'!AF32="X",1,IF('Prop HWDP Inp Report'!AG32="X",1,IF('Prop HWDP Inp Report'!AH32="X",1,IF('Prop HWDP Inp Report'!AI32="X",1,IF('Prop HWDP Inp Report'!AJ32="X",1,IF('Prop HWDP Inp Report'!AK32="X",1,IF('Prop HWDP Inp Report'!AL32="X",1,IF('Prop HWDP Inp Report'!AM32="X",1,IF('Prop HWDP Inp Report'!AN32="X",1,IF('Prop HWDP Inp Report'!AO32="X",1,IF('Prop HWDP Inp Report'!AP32="X",1, IF('Prop HWDP Inp Report'!AQ32="X",1,0)))))))))))))) -> 0 | J25: =IF('Prop HWDP Inp Report'!AV32="X",1,IF('Prop HWDP Inp Report'!AW32="X",1,IF('Prop HWDP Inp Report'!AX32="X",1,IF('Prop HWDP Inp Report'!AY32="X",1,IF('Prop HWDP Inp Report'!AZ32="X",1,IF('Prop HWDP Inp Report'!BA32="X",1,IF('Prop HWDP Inp Report'!BB32="X",1,IF('Prop HWDP Inp Report'!BC32="X",1,IF('Prop HWDP Inp Report'!BD32="X",1,IF('Prop HWDP Inp Report'!BE32="X",1,IF('Prop HWDP Inp Report'!BF32="X",1,0))))))))))) -> 0
A26: ='Prop HWDP Inp Report'!BF8 -> Other: | B26: ='Prop HWDP Inp Report'!BF7 -> 0 | I26: =IF('Prop HWDP Inp Report'!AD33="X",1,IF('Prop HWDP Inp Report'!AE33="X",1,IF('Prop HWDP Inp Report'!AF33="X",1,IF('Prop HWDP Inp Report'!AG33="X",1,IF('Prop HWDP Inp Report'!AH33="X",1,IF('Prop HWDP Inp Report'!AI33="X",1,IF('Prop HWDP Inp Report'!AJ33="X",1,IF('Prop HWDP Inp Report'!AK33="X",1,IF('Prop HWDP Inp Report'!AL33="X",1,IF('Prop HWDP Inp Report'!AM33="X",1,IF('Prop HWDP Inp Report'!AN33="X",1,IF('Prop HWDP Inp Report'!AO33="X",1,IF('Prop HWDP Inp Report'!AP33="X",1, IF('Prop HWDP Inp Report'!AQ33="X",1,0)))))))))))))) -> 0 | J26: =IF('Prop HWDP Inp Report'!AV33="X",1,IF('Prop HWDP Inp Report'!AW33="X",1,IF('Prop HWDP Inp Report'!AX33="X",1,IF('Prop HWDP Inp Report'!AY33="X",1,IF('Prop HWDP Inp Report'!AZ33="X",1,IF('Prop HWDP Inp Report'!BA33="X",1,IF('Prop HWDP Inp Report'!BB33="X",1,IF('Prop HWDP Inp Report'!BC33="X",1,IF('Prop HWDP Inp Report'!BD33="X",1,IF('Prop HWDP Inp Report'!BE33="X",1,IF('Prop HWDP Inp Report'!BF33="X",1,0))))))))))) -> 0
I27: =IF('Prop HWDP Inp Report'!AD34="X",1,IF('Prop HWDP Inp Report'!AE34="X",1,IF('Prop HWDP Inp Report'!AF34="X",1,IF('Prop HWDP Inp Report'!AG34="X",1,IF('Prop HWDP Inp Report'!AH34="X",1,IF('Prop HWDP Inp Report'!AI34="X",1,IF('Prop HWDP Inp Report'!AJ34="X",1,IF('Prop HWDP Inp Report'!AK34="X",1,IF('Prop HWDP Inp Report'!AL34="X",1,IF('Prop HWDP Inp Report'!AM34="X",1,IF('Prop HWDP Inp Report'!AN34="X",1,IF('Prop HWDP Inp Report'!AO34="X",1,IF('Prop HWDP Inp Report'!AP34="X",1, IF('Prop HWDP Inp Report'!AQ34="X",1,0)))))))))))))) -> 0 | J27: =IF('Prop HWDP Inp Report'!AV34="X",1,IF('Prop HWDP Inp Report'!AW34="X",1,IF('Prop HWDP Inp Report'!AX34="X",1,IF('Prop HWDP Inp Report'!AY34="X",1,IF('Prop HWDP Inp Report'!AZ34="X",1,IF('Prop HWDP Inp Report'!BA34="X",1,IF('Prop HWDP Inp Report'!BB34="X",1,IF('Prop HWDP Inp Report'!BC34="X",1,IF('Prop HWDP Inp Report'!BD34="X",1,IF('Prop HWDP Inp Report'!BE34="X",1,IF('Prop HWDP Inp Report'!BF34="X",1,0))))))))))) -> 0
I28: =IF('Prop HWDP Inp Report'!AD35="X",1,IF('Prop HWDP Inp Report'!AE35="X",1,IF('Prop HWDP Inp Report'!AF35="X",1,IF('Prop HWDP Inp Report'!AG35="X",1,IF('Prop HWDP Inp Report'!AH35="X",1,IF('Prop HWDP Inp Report'!AI35="X",1,IF('Prop HWDP Inp Report'!AJ35="X",1,IF('Prop HWDP Inp Report'!AK35="X",1,IF('Prop HWDP Inp Report'!AL35="X",1,IF('Prop HWDP Inp Report'!AM35="X",1,IF('Prop HWDP Inp Report'!AN35="X",1,IF('Prop HWDP Inp Report'!AO35="X",1,IF('Prop HWDP Inp Report'!AP35="X",1, IF('Prop HWDP Inp Report'!AQ35="X",1,0)))))))))))))) -> 0 | J28: =IF('Prop HWDP Inp Report'!AV35="X",1,IF('Prop HWDP Inp Report'!AW35="X",1,IF('Prop HWDP Inp Report'!AX35="X",1,IF('Prop HWDP Inp Report'!AY35="X",1,IF('Prop HWDP Inp Report'!AZ35="X",1,IF('Prop HWDP Inp Report'!BA35="X",1,IF('Prop HWDP Inp Report'!BB35="X",1,IF('Prop HWDP Inp Report'!BC35="X",1,IF('Prop HWDP Inp Report'!BD35="X",1,IF('Prop HWDP Inp Report'!BE35="X",1,IF('Prop HWDP Inp Report'!BF35="X",1,0))))))))))) -> 0
I29: =IF('Prop HWDP Inp Report'!AD36="X",1,IF('Prop HWDP Inp Report'!AE36="X",1,IF('Prop HWDP Inp Report'!AF36="X",1,IF('Prop HWDP Inp Report'!AG36="X",1,IF('Prop HWDP Inp Report'!AH36="X",1,IF('Prop HWDP Inp Report'!AI36="X",1,IF('Prop HWDP Inp Report'!AJ36="X",1,IF('Prop HWDP Inp Report'!AK36="X",1,IF('Prop HWDP Inp Report'!AL36="X",1,IF('Prop HWDP Inp Report'!AM36="X",1,IF('Prop HWDP Inp Report'!AN36="X",1,IF('Prop HWDP Inp Report'!AO36="X",1,IF('Prop HWDP Inp Report'!AP36="X",1, IF('Prop HWDP Inp Report'!AQ36="X",1,0)))))))))))))) -> 0 | J29: =IF('Prop HWDP Inp Report'!AV36="X",1,IF('Prop HWDP Inp Report'!AW36="X",1,IF('Prop HWDP Inp Report'!AX36="X",1,IF('Prop HWDP Inp Report'!AY36="X",1,IF('Prop HWDP Inp Report'!AZ36="X",1,IF('Prop HWDP Inp Report'!BA36="X",1,IF('Prop HWDP Inp Report'!BB36="X",1,IF('Prop HWDP Inp Report'!BC36="X",1,IF('Prop HWDP Inp Report'!BD36="X",1,IF('Prop HWDP Inp Report'!BE36="X",1,IF('Prop HWDP Inp Report'!BF36="X",1,0))))))))))) -> 0
I30: =IF('Prop HWDP Inp Report'!AD37="X",1,IF('Prop HWDP Inp Report'!AE37="X",1,IF('Prop HWDP Inp Report'!AF37="X",1,IF('Prop HWDP Inp Report'!AG37="X",1,IF('Prop HWDP Inp Report'!AH37="X",1,IF('Prop HWDP Inp Report'!AI37="X",1,IF('Prop HWDP Inp Report'!AJ37="X",1,IF('Prop HWDP Inp Report'!AK37="X",1,IF('Prop HWDP Inp Report'!AL37="X",1,IF('Prop HWDP Inp Report'!AM37="X",1,IF('Prop HWDP Inp Report'!AN37="X",1,IF('Prop HWDP Inp Report'!AO37="X",1,IF('Prop HWDP Inp Report'!AP37="X",1, IF('Prop HWDP Inp Report'!AQ37="X",1,0)))))))))))))) -> 0 | J30: =IF('Prop HWDP Inp Report'!AV37="X",1,IF('Prop HWDP Inp Report'!AW37="X",1,IF('Prop HWDP Inp Report'!AX37="X",1,IF('Prop HWDP Inp Report'!AY37="X",1,IF('Prop HWDP Inp Report'!AZ37="X",1,IF('Prop HWDP Inp Report'!BA37="X",1,IF('Prop HWDP Inp Report'!BB37="X",1,IF('Prop HWDP Inp Report'!BC37="X",1,IF('Prop HWDP Inp Report'!BD37="X",1,IF('Prop HWDP Inp Report'!BE37="X",1,IF('Prop HWDP Inp Report'!BF37="X",1,0))))))))))) -> 0
I31: =IF('Prop HWDP Inp Report'!AD38="X",1,IF('Prop HWDP Inp Report'!AE38="X",1,IF('Prop HWDP Inp Report'!AF38="X",1,IF('Prop HWDP Inp Report'!AG38="X",1,IF('Prop HWDP Inp Report'!AH38="X",1,IF('Prop HWDP Inp Report'!AI38="X",1,IF('Prop HWDP Inp Report'!AJ38="X",1,IF('Prop HWDP Inp Report'!AK38="X",1,IF('Prop HWDP Inp Report'!AL38="X",1,IF('Prop HWDP Inp Report'!AM38="X",1,IF('Prop HWDP Inp Report'!AN38="X",1,IF('Prop HWDP Inp Report'!AO38="X",1,IF('Prop HWDP Inp Report'!AP38="X",1, IF('Prop HWDP Inp Report'!AQ38="X",1,0)))))))))))))) -> 0 | J31: =IF('Prop HWDP Inp Report'!AV38="X",1,IF('Prop HWDP Inp Report'!AW38="X",1,IF('Prop HWDP Inp Report'!AX38="X",1,IF('Prop HWDP Inp Report'!AY38="X",1,IF('Prop HWDP Inp Report'!AZ38="X",1,IF('Prop HWDP Inp Report'!BA38="X",1,IF('Prop HWDP Inp Report'!BB38="X",1,IF('Prop HWDP Inp Report'!BC38="X",1,IF('Prop HWDP Inp Report'!BD38="X",1,IF('Prop HWDP Inp Report'!BE38="X",1,IF('Prop HWDP Inp Report'!BF38="X",1,0))))))))))) -> 0
I32: =IF('Prop HWDP Inp Report'!AD39="X",1,IF('Prop HWDP Inp Report'!AE39="X",1,IF('Prop HWDP Inp Report'!AF39="X",1,IF('Prop HWDP Inp Report'!AG39="X",1,IF('Prop HWDP Inp Report'!AH39="X",1,IF('Prop HWDP Inp Report'!AI39="X",1,IF('Prop HWDP Inp Report'!AJ39="X",1,IF('Prop HWDP Inp Report'!AK39="X",1,IF('Prop HWDP Inp Report'!AL39="X",1,IF('Prop HWDP Inp Report'!AM39="X",1,IF('Prop HWDP Inp Report'!AN39="X",1,IF('Prop HWDP Inp Report'!AO39="X",1,IF('Prop HWDP Inp Report'!AP39="X",1, IF('Prop HWDP Inp Report'!AQ39="X",1,0)))))))))))))) -> 0 | J32: =IF('Prop HWDP Inp Report'!AV39="X",1,IF('Prop HWDP Inp Report'!AW39="X",1,IF('Prop HWDP Inp Report'!AX39="X",1,IF('Prop HWDP Inp Report'!AY39="X",1,IF('Prop HWDP Inp Report'!AZ39="X",1,IF('Prop HWDP Inp Report'!BA39="X",1,IF('Prop HWDP Inp Report'!BB39="X",1,IF('Prop HWDP Inp Report'!BC39="X",1,IF('Prop HWDP Inp Report'!BD39="X",1,IF('Prop HWDP Inp Report'!BE39="X",1,IF('Prop HWDP Inp Report'!BF39="X",1,0))))))))))) -> 0
I33: =IF('Prop HWDP Inp Report'!AD40="X",1,IF('Prop HWDP Inp Report'!AE40="X",1,IF('Prop HWDP Inp Report'!AF40="X",1,IF('Prop HWDP Inp Report'!AG40="X",1,IF('Prop HWDP Inp Report'!AH40="X",1,IF('Prop HWDP Inp Report'!AI40="X",1,IF('Prop HWDP Inp Report'!AJ40="X",1,IF('Prop HWDP Inp Report'!AK40="X",1,IF('Prop HWDP Inp Report'!AL40="X",1,IF('Prop HWDP Inp Report'!AM40="X",1,IF('Prop HWDP Inp Report'!AN40="X",1,IF('Prop HWDP Inp Report'!AO40="X",1,IF('Prop HWDP Inp Report'!AP40="X",1, IF('Prop HWDP Inp Report'!AQ40="X",1,0)))))))))))))) -> 0 | J33: =IF('Prop HWDP Inp Report'!AV40="X",1,IF('Prop HWDP Inp Report'!AW40="X",1,IF('Prop HWDP Inp Report'!AX40="X",1,IF('Prop HWDP Inp Report'!AY40="X",1,IF('Prop HWDP Inp Report'!AZ40="X",1,IF('Prop HWDP Inp Report'!BA40="X",1,IF('Prop HWDP Inp Report'!BB40="X",1,IF('Prop HWDP Inp Report'!BC40="X",1,IF('Prop HWDP Inp Report'!BD40="X",1,IF('Prop HWDP Inp Report'!BE40="X",1,IF('Prop HWDP Inp Report'!BF40="X",1,0))))))))))) -> 0
I34: =IF('Prop HWDP Inp Report'!AD41="X",1,IF('Prop HWDP Inp Report'!AE41="X",1,IF('Prop HWDP Inp Report'!AF41="X",1,IF('Prop HWDP Inp Report'!AG41="X",1,IF('Prop HWDP Inp Report'!AH41="X",1,IF('Prop HWDP Inp Report'!AI41="X",1,IF('Prop HWDP Inp Report'!AJ41="X",1,IF('Prop HWDP Inp Report'!AK41="X",1,IF('Prop HWDP Inp Report'!AL41="X",1,IF('Prop HWDP Inp Report'!AM41="X",1,IF('Prop HWDP Inp Report'!AN41="X",1,IF('Prop HWDP Inp Report'!AO41="X",1,IF('Prop HWDP Inp Report'!AP41="X",1, IF('Prop HWDP Inp Report'!AQ41="X",1,0)))))))))))))) -> 0 | J34: =IF('Prop HWDP Inp Report'!AV41="X",1,IF('Prop HWDP Inp Report'!AW41="X",1,IF('Prop HWDP Inp Report'!AX41="X",1,IF('Prop HWDP Inp Report'!AY41="X",1,IF('Prop HWDP Inp Report'!AZ41="X",1,IF('Prop HWDP Inp Report'!BA41="X",1,IF('Prop HWDP Inp Report'!BB41="X",1,IF('Prop HWDP Inp Report'!BC41="X",1,IF('Prop HWDP Inp Report'!BD41="X",1,IF('Prop HWDP Inp Report'!BE41="X",1,IF('Prop HWDP Inp Report'!BF41="X",1,0))))))))))) -> 0
I35: =IF('Prop HWDP Inp Report'!AD42="X",1,IF('Prop HWDP Inp Report'!AE42="X",1,IF('Prop HWDP Inp Report'!AF42="X",1,IF('Prop HWDP Inp Report'!AG42="X",1,IF('Prop HWDP Inp Report'!AH42="X",1,IF('Prop HWDP Inp Report'!AI42="X",1,IF('Prop HWDP Inp Report'!AJ42="X",1,IF('Prop HWDP Inp Report'!AK42="X",1,IF('Prop HWDP Inp Report'!AL42="X",1,IF('Prop HWDP Inp Report'!AM42="X",1,IF('Prop HWDP Inp Report'!AN42="X",1,IF('Prop HWDP Inp Report'!AO42="X",1,IF('Prop HWDP Inp Report'!AP42="X",1, IF('Prop HWDP Inp Report'!AQ42="X",1,0)))))))))))))) -> 0 | J35: =IF('Prop HWDP Inp Report'!AV42="X",1,IF('Prop HWDP Inp Report'!AW42="X",1,IF('Prop HWDP Inp Report'!AX42="X",1,IF('Prop HWDP Inp Report'!AY42="X",1,IF('Prop HWDP Inp Report'!AZ42="X",1,IF('Prop HWDP Inp Report'!BA42="X",1,IF('Prop HWDP Inp Report'!BB42="X",1,IF('Prop HWDP Inp Report'!BC42="X",1,IF('Prop HWDP Inp Report'!BD42="X",1,IF('Prop HWDP Inp Report'!BE42="X",1,IF('Prop HWDP Inp Report'!BF42="X",1,0))))))))))) -> 0
I36: =IF('Prop HWDP Inp Report'!AD43="X",1,IF('Prop HWDP Inp Report'!AE43="X",1,IF('Prop HWDP Inp Report'!AF43="X",1,IF('Prop HWDP Inp Report'!AG43="X",1,IF('Prop HWDP Inp Report'!AH43="X",1,IF('Prop HWDP Inp Report'!AI43="X",1,IF('Prop HWDP Inp Report'!AJ43="X",1,IF('Prop HWDP Inp Report'!AK43="X",1,IF('Prop HWDP Inp Report'!AL43="X",1,IF('Prop HWDP Inp Report'!AM43="X",1,IF('Prop HWDP Inp Report'!AN43="X",1,IF('Prop HWDP Inp Report'!AO43="X",1,IF('Prop HWDP Inp Report'!AP43="X",1, IF('Prop HWDP Inp Report'!AQ43="X",1,0)))))))))))))) -> 0 | J36: =IF('Prop HWDP Inp Report'!AV43="X",1,IF('Prop HWDP Inp Report'!AW43="X",1,IF('Prop HWDP Inp Report'!AX43="X",1,IF('Prop HWDP Inp Report'!AY43="X",1,IF('Prop HWDP Inp Report'!AZ43="X",1,IF('Prop HWDP Inp Report'!BA43="X",1,IF('Prop HWDP Inp Report'!BB43="X",1,IF('Prop HWDP Inp Report'!BC43="X",1,IF('Prop HWDP Inp Report'!BD43="X",1,IF('Prop HWDP Inp Report'!BE43="X",1,IF('Prop HWDP Inp Report'!BF43="X",1,0))))))))))) -> 0
I37: =IF('Prop HWDP Inp Report'!AD44="X",1,IF('Prop HWDP Inp Report'!AE44="X",1,IF('Prop HWDP Inp Report'!AF44="X",1,IF('Prop HWDP Inp Report'!AG44="X",1,IF('Prop HWDP Inp Report'!AH44="X",1,IF('Prop HWDP Inp Report'!AI44="X",1,IF('Prop HWDP Inp Report'!AJ44="X",1,IF('Prop HWDP Inp Report'!AK44="X",1,IF('Prop HWDP Inp Report'!AL44="X",1,IF('Prop HWDP Inp Report'!AM44="X",1,IF('Prop HWDP Inp Report'!AN44="X",1,IF('Prop HWDP Inp Report'!AO44="X",1,IF('Prop HWDP Inp Report'!AP44="X",1, IF('Prop HWDP Inp Report'!AQ44="X",1,0)))))))))))))) -> 0 | J37: =IF('Prop HWDP Inp Report'!AV44="X",1,IF('Prop HWDP Inp Report'!AW44="X",1,IF('Prop HWDP Inp Report'!AX44="X",1,IF('Prop HWDP Inp Report'!AY44="X",1,IF('Prop HWDP Inp Report'!AZ44="X",1,IF('Prop HWDP Inp Report'!BA44="X",1,IF('Prop HWDP Inp Report'!BB44="X",1,IF('Prop HWDP Inp Report'!BC44="X",1,IF('Prop HWDP Inp Report'!BD44="X",1,IF('Prop HWDP Inp Report'!BE44="X",1,IF('Prop HWDP Inp Report'!BF44="X",1,0))))))))))) -> 0
I38: =IF('Prop HWDP Inp Report'!AD45="X",1,IF('Prop HWDP Inp Report'!AE45="X",1,IF('Prop HWDP Inp Report'!AF45="X",1,IF('Prop HWDP Inp Report'!AG45="X",1,IF('Prop HWDP Inp Report'!AH45="X",1,IF('Prop HWDP Inp Report'!AI45="X",1,IF('Prop HWDP Inp Report'!AJ45="X",1,IF('Prop HWDP Inp Report'!AK45="X",1,IF('Prop HWDP Inp Report'!AL45="X",1,IF('Prop HWDP Inp Report'!AM45="X",1,IF('Prop HWDP Inp Report'!AN45="X",1,IF('Prop HWDP Inp Report'!AO45="X",1,IF('Prop HWDP Inp Report'!AP45="X",1, IF('Prop HWDP Inp Report'!AQ45="X",1,0)))))))))))))) -> 0 | J38: =IF('Prop HWDP Inp Report'!AV45="X",1,IF('Prop HWDP Inp Report'!AW45="X",1,IF('Prop HWDP Inp Report'!AX45="X",1,IF('Prop HWDP Inp Report'!AY45="X",1,IF('Prop HWDP Inp Report'!AZ45="X",1,IF('Prop HWDP Inp Report'!BA45="X",1,IF('Prop HWDP Inp Report'!BB45="X",1,IF('Prop HWDP Inp Report'!BC45="X",1,IF('Prop HWDP Inp Report'!BD45="X",1,IF('Prop HWDP Inp Report'!BE45="X",1,IF('Prop HWDP Inp Report'!BF45="X",1,0))))))))))) -> 0
... I102: =IF('Prop HWDP Inp Report'!AD109="X",1,IF('Prop HWDP Inp Report'!AE109="X",1,IF('Prop HWDP Inp Report'!AF109="X",1,IF('Prop HWDP Inp Report'!AG109="X",1,IF('Prop HWDP Inp Report'!AH109="X",1,IF('Prop HWDP Inp Report'!AI109="X",1,IF('Prop HWDP Inp Report'!AJ109="X",1,IF('Prop HWDP Inp Report'!AK109="X",1,IF('Prop HWDP Inp Report'!AL109="X",1,IF('Prop HWDP Inp Report'!AM109="X",1,IF('Prop HWDP Inp Report'!AN109="X",1,IF('Prop HWDP Inp Report'!AO109="X",1,IF('Prop HWDP Inp Report'!AP109="X",1, IF('Prop HWDP Inp Report'!AQ109="X",1,0)))))))))))))) -> 0 | J102: =IF('Prop HWDP Inp Report'!AV109="X",1,IF('Prop HWDP Inp Report'!AW109="X",1,IF('Prop HWDP Inp Report'!AX109="X",1,IF('Prop HWDP Inp Report'!AY109="X",1,IF('Prop HWDP Inp Report'!AZ109="X",1,IF('Prop HWDP Inp Report'!BA109="X",1,IF('Prop HWDP Inp Report'!BB109="X",1,IF('Prop HWDP Inp Report'!BC109="X",1,IF('Prop HWDP Inp Report'!BD109="X",1,IF('Prop HWDP Inp Report'!BE109="X",1,IF('Prop HWDP Inp Report'!BF109="X",1,0))))))))))) -> 0

Sheet Summary HWDP
A1: Operator: | C1: ='DATA SHEET'!B2 -> 0 | F1: ='DATA SHEET'!$B$13 -> 0
A2: Contractor: | C2: =CONCATENATE('DATA SHEET'!B3," ",'DATA SHEET'!B4)
A3: Date: | C3: ='DATA SHEET'!B5 -> 0
A4: Field Invoice: | C4: ='DATA SHEET'!B6 -> 0
A5: Inspection Crew: | C5: ='DATA SHEET'!B7 -> 0
A6: Inspection Type | C6: =IFERROR(CONCATENATE(VLOOKUP('DATA SHEET'!$E$10,'DATA SHEET'!$G$3:$I$10,3,FALSE),'DATA SHEET'!$E$12,'DATA SHEET'!$E$14),"")
A7: Size | C7: Connection Type | E7: Grade
A8: ='DATA SHEET'!B9 -> 0 | C8: ='DATA SHEET'!B10 -> 0 | E8: N/A
A10: Machine Shop | C10: Contact | D10: Number
A11: N/A | C11: =VLOOKUP($A$11,'Shop List'!$A$2:$D$9,3,FALSE) -> N/A | D11: =VLOOKUP($A$11,'Shop List'!$A$2:$D$9,4,FALSE) -> N/A | L11: HWDP
A14: Inspection Summary
A15: Premium: | C15: =J15-C17 -> 0 | H15: Joints Inspected: | J15: =COUNTA('Prop HWDP Inp Report'!G9:G1048576) -> 0
H16: Joints Rig Ready: | J16: =J15-J17-C17 -> 0
A17: DBR: | C17: =SUMIF('Data Sheet HWDP'!J2:J2500,"<>#REF!") -> 0 | H17: Joints to Machine Shop: | J17: =SUMIF('Data Sheet HWDP'!I2:I2500,"<>#REF!") -> 0
F19: Field Repair
F20: Refaces:
F21: Box: | I21: Pin:
F22: ='Prop HWDP Inp Report'!Z7 -> 0 | I22: ='Prop HWDP Inp Report'!AB7 -> 0
F23: Pin Nose Repair: | I23: 0
F25: Total Hardbands: | G25: =SUM(I26:K26) -> 0 | I25: Box | K25: Pin
I26: ='Prop HWDP Inp Report'!AR7 -> 0 | K26: ='Prop HWDP Inp Report'!AU7 -> 0
F27: Damaged Hardband: | G27: =SUM(I28:K28) -> 0 | I27: Box: | K27: Pin:
I28: ='Prop HWDP Inp Report'!AP7 -> 0 | K28: ='Prop HWDP Inp Report'!AQ7 -> 0
F29: DBR Hardband: | G29: =SUM(I30:K30) -> 0 | I29: Box: | K29: Pin:
I30: ='Prop HWDP Inp Report'!AV7 -> 0 | K30: ='Prop HWDP Inp Report'!AW7 -> 0
F31: ='Prop HWDP Inp Report'!AS8 -> Hardband Centerpad #1: | G31: ='Prop HWDP Inp Report'!AS7 -> 0 | I31: ='Prop HWDP Inp Report'!AT8 -> Hardband Centerpad #2: | K31: ='Prop HWDP Inp Report'!AT7 -> 0
A47: Remarks:

Sheet Prop HWDP Inp Report
B2: Operator: | F2: ='Summary HWDP'!C1 -> 0 | AD2: Pathfinder Inspections and Field Services
B3: Rig Name & Number: | F3: ='Summary HWDP'!C2 | I3: Field Invoice: | L3: ='Summary HWDP'!C4 -> 0 | AD3: Physical Address | AI3: 7501 Groening Street, Odessa TX 79765 | BR3: need to insert dimensions from DS-1 like our inspection reports
B4: Date: | F4: ='Summary HWDP'!C3 -> 0 | I4: Inspector/Crew: | L4: ='Summary HWDP'!C5 -> 0 | AD4: Mailing Address | AI4: PO Box 3889, Gillette, WY 82717
B5: Connection | E5: ='Summary HWDP'!C8 -> 0 | G5: Size | I5: ='Summary HWDP'!A8 -> 0 | K5: Grade | L5: ='Summary HWDP'!E8 -> N/A | AD5: Contact Info | AI5: Jana Streitz - Owner, (C) 406-579-2672
G6: Dimensional | Z6: Refaces | AD6: Damages
B7: Identification | E7: MPI | G7: Tool Joint | J7: Tong Space | L7: Bevel Dia. | N7: Critical Lengths | Z7: =COUNTA(Z9:Z608) -> 0 | AB7: =COUNTA(AB9:AB608) -> 0 | AD7: =COUNTA(AD9:AD608) -> 0 | AE7: =COUNTA(AE9:AE608) -> 0 | AF7: =COUNTA(AF9:AF608) -> 0 | AG7: =COUNTA(AG9:AG608) -> 0 | AH7: =COUNTA(AH9:AH608) -> 0 | AI7: =COUNTA(AI9:AI608) -> 0 | AJ7: =COUNTA(AJ9:AJ608) -> 0 | AK7: =COUNTA(AK9:AK608) -> 0 | ... BJ7: =COUNTA(BJ9:BJ608) -> 0 | BR7: =SUM(BR9:BR1000) -> 0 | BS7: =SUM(BS9:BS1000) -> 0 | BT7: =SUM(BT9:BT1000) -> 0 | BU7: =SUM(BU9:BU1000) -> 0 | BV7: =SUM(BV9:BV1000) -> 0 | BW7: =SUM(BW9:BW1000) -> 0 | BX7: =SUM(BX9:BX1000) -> 0 | BY7: =SUM(BY9:BY1000) -> 0 | ... CZ7: =SUM(CZ9:CZ1000) -> 0
B8: Joint #: | C8: Description: | D8: Joint Serial #: | E8: Box: | F8: Pin: | G8: Box OD: | H8: Pin ID: | I8: Center Wear Pad OD: | J8: Box: | K8: Pin: | L8: Box: | M8: Pin: | N8: Boreback Dia: | O8: Boreback Length: | P8: Stress Relief Groove Diameter: | Q8: Stress Relief Groove Length: | R8: C"Bore Depth: | S8: C"Bore Dia: | T8: Seal Width: | U8: Pin Nose Diameter: | V8: Box Critical Length: | W8: Length After Repair: | X8: Pin Critical Length: | Y8: Length After Repair: | Z8: Box Reface: | AA8: Reface Type Box: | AB8: Pin Reface: | AC8: Reface Type Pin: | AD8: Damaged Seal Box: | AE8: Damaged Seal Pin: | AF8: Damaged Threads Box: | AG8: Damaged Threads Pin: | AH8: Damaged Torque Shoulder Box: | AI8: Damaged Torque Shoulder Pin: | AJ8: Over Refaced Box: | AK8: Over Refaced Pin: | AL8: Bent Tube: | AM8: Other Damage: | AN8: Other Damage: | AO8: Other Damage: | AP8: Damaged Hardband Box: | AQ8: Damaged Hardband Pin: | AR8: Hardband Box: | AS8: Hardband Centerpad #1: | AT8: Hardband Centerpad #2: | AU8: Hardband Pin: | AV8: DBR Hardband Box: | AW8: DBR Hardband Pin: | AX8: Minimum Wall Tube: | AY8: Min Tong Box: | AZ8: Min Tong Pin: | BA8: Min Seal Box: | BB8: Min Seal Pin: | BC8: Minimum OD: | BD8: Damaged Tube: | BE8: EMI Reject: | BF8: Other: | BG8: Box - Thread Recondition: | BH8: Pin - Thread Recondition: | BI8: Box - Bevel Repair: | BJ8: Pin - Bevel Repair: | BL8: Letter | BM8: Number | BN8: Letter | BO8: Number | BR8: =Z8 -> Box Reface: | BS8: =AB8 -> Pin Reface: | BT8: =AD8 -> Damaged Seal Box: | BU8: =AE8 -> Damaged Seal Pin: | BV8: =AF8 -> Damaged Threads Box: | BW8: =AG8 -> Damaged Threads Pin: | BX8: =AH8 -> Damaged Torque Shoulder Box: | BY8: =AI8 -> Damaged Torque Shoulder Pin: | BZ8: =AJ8 -> Over Refaced Box: | CA8: =AK8 -> Over Refaced Pin: | ... CZ8: =BJ8 -> Pin - Bevel Repair:
B9: 1 | D9: =BP9 | E9: OK | F9: OK | I9: N/A | J9: =IF(AY9="X", "MIN", "OK") -> OK | K9: =IF(AZ9="X", "MIN", "OK") -> OK | L9: OK | M9: OK | V9: OK | W9: =IF(Z9="X","OK","N/A") -> N/A | X9: OK | Y9: =IF(AB9="X","OK","N/A") -> N/A | BP9: =CONCATENATE(BL9,BM9,BN9,BO9) | BR9: =IF(Z9="x",1,0) -> 0 | BS9: =IF(AB9="x",1,0) -> 0 | BT9: =IF(AD9="x",1,0) -> 0 | BU9: =IF(AE9="x",1,0) -> 0 | BV9: =IF(AF9="x",1,0) -> 0 | BW9: =IF(AG9="x",1,0) -> 0 | BX9: =IF(AH9="x",1,0) -> 0 | BY9: =IF(AI9="x",1,0) -> 0 | BZ9: =IF(AJ9="x",1,0) -> 0 | CA9: =IF(AK9="x",1,0) -> 0 | ... CZ9: =IF(BJ9="x",1,0) -> 0
B10: =B9+1 -> 2 | D10: =BP10 | E10: OK | F10: OK | I10: N/A | J10: =IF(AY10="X", "MIN", "OK") -> OK | K10: =IF(AZ10="X", "MIN", "OK") -> OK | L10: OK | M10: OK | V10: OK | W10: =IF(Z10="X","OK","N/A") -> N/A | X10: OK | Y10: =IF(AB10="X","OK","N/A") -> N/A | BP10: =CONCATENATE(BL10,BM10,BN10,BO10) | BR10: =IF(Z10="x",1,0) -> 0 | BS10: =IF(AB10="x",1,0) -> 0 | BT10: =IF(AD10="x",1,0) -> 0 | BU10: =IF(AE10="x",1,0) -> 0 | BV10: =IF(AF10="x",1,0) -> 0 | BW10: =IF(AG10="x",1,0) -> 0 | BX10: =IF(AH10="x",1,0) -> 0 | BY10: =IF(AI10="x",1,0) -> 0 | BZ10: =IF(AJ10="x",1,0) -> 0 | CA10: =IF(AK10="x",1,0) -> 0 | ... CZ10: =IF(BJ10="x",1,0) -> 0
B11: =B10+1 -> 3 | D11: =BP11 | E11: OK | F11: OK | I11: N/A | J11: =IF(AY11="X", "MIN", "OK") -> OK | K11: =IF(AZ11="X", "MIN", "OK") -> OK | L11: OK | M11: OK | V11: OK | W11: =IF(Z11="X","OK","N/A") -> N/A | X11: OK | Y11: =IF(AB11="X","OK","N/A") -> N/A | BP11: =CONCATENATE(BL11,BM11,BN11,BO11) | BR11: =IF(Z11="x",1,0) -> 0 | BS11: =IF(AB11="x",1,0) -> 0 | BT11: =IF(AD11="x",1,0) -> 0 | BU11: =IF(AE11="x",1,0) -> 0 | BV11: =IF(AF11="x",1,0) -> 0 | BW11: =IF(AG11="x",1,0) -> 0 | BX11: =IF(AH11="x",1,0) -> 0 | BY11: =IF(AI11="x",1,0) -> 0 | BZ11: =IF(AJ11="x",1,0) -> 0 | CA11: =IF(AK11="x",1,0) -> 0 | ... CZ11: =IF(BJ11="x",1,0) -> 0
B12: =B11+1 -> 4 | D12: =BP12 | E12: OK | F12: OK | I12: N/A | J12: =IF(AY12="X", "MIN", "OK") -> OK | K12: =IF(AZ12="X", "MIN", "OK") -> OK | L12: OK | M12: OK | V12: OK | W12: =IF(Z12="X","OK","N/A") -> N/A | X12: OK | Y12: =IF(AB12="X","OK","N/A") -> N/A | BP12: =CONCATENATE(BL12,BM12,BN12,BO12) | BR12: =IF(Z12="x",1,0) -> 0 | BS12: =IF(AB12="x",1,0) -> 0 | BT12: =IF(AD12="x",1,0) -> 0 | BU12: =IF(AE12="x",1,0) -> 0 | BV12: =IF(AF12="x",1,0) -> 0 | BW12: =IF(AG12="x",1,0) -> 0 | BX12: =IF(AH12="x",1,0) -> 0 | BY12: =IF(AI12="x",1,0) -> 0 | BZ12: =IF(AJ12="x",1,0) -> 0 | CA12: =IF(AK12="x",1,0) -> 0 | ... CZ12: =IF(BJ12="x",1,0) -> 0
B13: =B12+1 -> 5 | D13: =BP13 | E13: OK | F13: OK | I13: N/A | J13: =IF(AY13="X", "MIN", "OK") -> OK | K13: =IF(AZ13="X", "MIN", "OK") -> OK | L13: OK | M13: OK | V13: OK | W13: =IF(Z13="X","OK","N/A") -> N/A | X13: OK | Y13: =IF(AB13="X","OK","N/A") -> N/A | BP13: =CONCATENATE(BL13,BM13,BN13,BO13) | BR13: =IF(Z13="x",1,0) -> 0 | BS13: =IF(AB13="x",1,0) -> 0 | BT13: =IF(AD13="x",1,0) -> 0 | BU13: =IF(AE13="x",1,0) -> 0 | BV13: =IF(AF13="x",1,0) -> 0 | BW13: =IF(AG13="x",1,0) -> 0 | BX13: =IF(AH13="x",1,0) -> 0 | BY13: =IF(AI13="x",1,0) -> 0 | BZ13: =IF(AJ13="x",1,0) -> 0 | CA13: =IF(AK13="x",1,0) -> 0 | ... CZ13: =IF(BJ13="x",1,0) -> 0
B14: =B13+1 -> 6 | D14: =BP14 | E14: OK | F14: OK | I14: N/A | J14: =IF(AY14="X", "MIN", "OK") -> OK | K14: =IF(AZ14="X", "MIN", "OK") -> OK | L14: OK | M14: OK | V14: OK | W14: =IF(Z14="X","OK","N/A") -> N/A | X14: OK | Y14: =IF(AB14="X","OK","N/A") -> N/A | BP14: =CONCATENATE(BL14,BM14,BN14,BO14) | BR14: =IF(Z14="x",1,0) -> 0 | BS14: =IF(AB14="x",1,0) -> 0 | BT14: =IF(AD14="x",1,0) -> 0 | BU14: =IF(AE14="x",1,0) -> 0 | BV14: =IF(AF14="x",1,0) -> 0 | BW14: =IF(AG14="x",1,0) -> 0 | BX14: =IF(AH14="x",1,0) -> 0 | BY14: =IF(AI14="x",1,0) -> 0 | BZ14: =IF(AJ14="x",1,0) -> 0 | CA14: =IF(AK14="x",1,0) -> 0 | ... CZ14: =IF(BJ14="x",1,0) -> 0
B15: =B14+1 -> 7 | D15: =BP15 | E15: OK | F15: OK | I15: N/A | J15: =IF(AY15="X", "MIN", "OK") -> OK | K15: =IF(AZ15="X", "MIN", "OK") -> OK | L15: OK | M15: OK | V15: OK | W15: =IF(Z15="X","OK","N/A") -> N/A | X15: OK | Y15: =IF(AB15="X","OK","N/A") -> N/A | BP15: =CONCATENATE(BL15,BM15,BN15,BO15) | BR15: =IF(Z15="x",1,0) -> 0 | BS15: =IF(AB15="x",1,0) -> 0 | BT15: =IF(AD15="x",1,0) -> 0 | BU15: =IF(AE15="x",1,0) -> 0 | BV15: =IF(AF15="x",1,0) -> 0 | BW15: =IF(AG15="x",1,0) -> 0 | BX15: =IF(AH15="x",1,0) -> 0 | BY15: =IF(AI15="x",1,0) -> 0 | BZ15: =IF(AJ15="x",1,0) -> 0 | CA15: =IF(AK15="x",1,0) -> 0 | ... CZ15: =IF(BJ15="x",1,0) -> 0
B16: =B15+1 -> 8 | D16: =BP16 | E16: OK | F16: OK | I16: N/A | J16: =IF(AY16="X", "MIN", "OK") -> OK | K16: =IF(AZ16="X", "MIN", "OK") -> OK | L16: OK | M16: OK | V16: OK | W16: =IF(Z16="X","OK","N/A") -> N/A | X16: OK | Y16: =IF(AB16="X","OK","N/A") -> N/A | BP16: =CONCATENATE(BL16,BM16,BN16,BO16) | BR16: =IF(Z16="x",1,0) -> 0 | BS16: =IF(AB16="x",1,0) -> 0 | BT16: =IF(AD16="x",1,0) -> 0 | BU16: =IF(AE16="x",1,0) -> 0 | BV16: =IF(AF16="x",1,0) -> 0 | BW16: =IF(AG16="x",1,0) -> 0 | BX16: =IF(AH16="x",1,0) -> 0 | BY16: =IF(AI16="x",1,0) -> 0 | BZ16: =IF(AJ16="x",1,0) -> 0 | CA16: =IF(AK16="x",1,0) -> 0 | ... CZ16: =IF(BJ16="x",1,0) -> 0
B17: =B16+1 -> 9 | D17: =BP17 | E17: OK | F17: OK | I17: N/A | J17: =IF(AY17="X", "MIN", "OK") -> OK | K17: =IF(AZ17="X", "MIN", "OK") -> OK | L17: OK | M17: OK | V17: OK | W17: =IF(Z17="X","OK","N/A") -> N/A | X17: OK | Y17: =IF(AB17="X","OK","N/A") -> N/A | BP17: =CONCATENATE(BL17,BM17,BN17,BO17) | BR17: =IF(Z17="x",1,0) -> 0 | BS17: =IF(AB17="x",1,0) -> 0 | BT17: =IF(AD17="x",1,0) -> 0 | BU17: =IF(AE17="x",1,0) -> 0 | BV17: =IF(AF17="x",1,0) -> 0 | BW17: =IF(AG17="x",1,0) -> 0 | BX17: =IF(AH17="x",1,0) -> 0 | BY17: =IF(AI17="x",1,0) -> 0 | BZ17: =IF(AJ17="x",1,0) -> 0 | CA17: =IF(AK17="x",1,0) -> 0 | ... CZ17: =IF(BJ17="x",1,0) -> 0
B18: =B17+1 -> 10 | D18: =BP18 | E18: OK | F18: OK | I18: N/A | J18: =IF(AY18="X", "MIN", "OK") -> OK | K18: =IF(AZ18="X", "MIN", "OK") -> OK | L18: OK | M18: OK | V18: OK | W18: =IF(Z18="X","OK","N/A") -> N/A | X18: OK | Y18: =IF(AB18="X","OK","N/A") -> N/A | BP18: =CONCATENATE(BL18,BM18,BN18,BO18) | BR18: =IF(Z18="x",1,0) -> 0 | BS18: =IF(AB18="x",1,0) -> 0 | BT18: =IF(AD18="x",1,0) -> 0 | BU18: =IF(AE18="x",1,0) -> 0 | BV18: =IF(AF18="x",1,0) -> 0 | BW18: =IF(AG18="x",1,0) -> 0 | BX18: =IF(AH18="x",1,0) -> 0 | BY18: =IF(AI18="x",1,0) -> 0 | BZ18: =IF(AJ18="x",1,0) -> 0 | CA18: =IF(AK18="x",1,0) -> 0 | ... CZ18: =IF(BJ18="x",1,0) -> 0
B19: =B18+1 -> 11 | D19: =BP19 | E19: OK | F19: OK | I19: N/A | J19: =IF(AY19="X", "MIN", "OK") -> OK | K19: =IF(AZ19="X", "MIN", "OK") -> OK | L19: OK | M19: OK | V19: OK | W19: =IF(Z19="X","OK","N/A") -> N/A | X19: OK | Y19: =IF(AB19="X","OK","N/A") -> N/A | BP19: =CONCATENATE(BL19,BM19,BN19,BO19) | BR19: =IF(Z19="x",1,0) -> 0 | BS19: =IF(AB19="x",1,0) -> 0 | BT19: =IF(AD19="x",1,0) -> 0 | BU19: =IF(AE19="x",1,0) -> 0 | BV19: =IF(AF19="x",1,0) -> 0 | BW19: =IF(AG19="x",1,0) -> 0 | BX19: =IF(AH19="x",1,0) -> 0 | BY19: =IF(AI19="x",1,0) -> 0 | BZ19: =IF(AJ19="x",1,0) -> 0 | CA19: =IF(AK19="x",1,0) -> 0 | ... CZ19: =IF(BJ19="x",1,0) -> 0
B20: =B19+1 -> 12 | D20: =BP20 | E20: OK | F20: OK | I20: N/A | J20: =IF(AY20="X", "MIN", "OK") -> OK | K20: =IF(AZ20="X", "MIN", "OK") -> OK | L20: OK | M20: OK | V20: OK | W20: =IF(Z20="X","OK","N/A") -> N/A | X20: OK | Y20: =IF(AB20="X","OK","N/A") -> N/A | BP20: =CONCATENATE(BL20,BM20,BN20,BO20) | BR20: =IF(Z20="x",1,0) -> 0 | BS20: =IF(AB20="x",1,0) -> 0 | BT20: =IF(AD20="x",1,0) -> 0 | BU20: =IF(AE20="x",1,0) -> 0 | BV20: =IF(AF20="x",1,0) -> 0 | BW20: =IF(AG20="x",1,0) -> 0 | BX20: =IF(AH20="x",1,0) -> 0 | BY20: =IF(AI20="x",1,0) -> 0 | BZ20: =IF(AJ20="x",1,0) -> 0 | CA20: =IF(AK20="x",1,0) -> 0 | ... CZ20: =IF(BJ20="x",1,0) -> 0
B21: =B20+1 -> 13 | D21: =BP21 | E21: OK | F21: OK | I21: N/A | J21: =IF(AY21="X", "MIN", "OK") -> OK | K21: =IF(AZ21="X", "MIN", "OK") -> OK | L21: OK | M21: OK | V21: OK | W21: =IF(Z21="X","OK","N/A") -> N/A | X21: OK | Y21: =IF(AB21="X","OK","N/A") -> N/A | BP21: =CONCATENATE(BL21,BM21,BN21,BO21) | BR21: =IF(Z21="x",1,0) -> 0 | BS21: =IF(AB21="x",1,0) -> 0 | BT21: =IF(AD21="x",1,0) -> 0 | BU21: =IF(AE21="x",1,0) -> 0 | BV21: =IF(AF21="x",1,0) -> 0 | BW21: =IF(AG21="x",1,0) -> 0 | BX21: =IF(AH21="x",1,0) -> 0 | BY21: =IF(AI21="x",1,0) -> 0 | BZ21: =IF(AJ21="x",1,0) -> 0 | CA21: =IF(AK21="x",1,0) -> 0 | ... CZ21: =IF(BJ21="x",1,0) -> 0
... B178: =B177+1 -> 170 | D178: =BP178 | E178: OK | F178: OK | I178: N/A | J178: =IF(AY178="X", "MIN", "OK") -> OK | K178: =IF(AZ178="X", "MIN", "OK") -> OK | L178: OK | M178: OK | V178: OK | W178: =IF(Z178="X","OK","N/A") -> N/A | X178: OK | Y178: =IF(AB178="X","OK","N/A") -> N/A | BP178: =CONCATENATE(BL178,BM178,BN178,BO178) | BR178: =IF(Z178="x",1,0) -> 0 | BS178: =IF(AB178="x",1,0) -> 0 | BT178: =IF(AD178="x",1,0) -> 0 | BU178: =IF(AE178="x",1,0) -> 0 | BV178: =IF(AF178="x",1,0) -> 0 | BW178: =IF(AG178="x",1,0) -> 0 | BX178: =IF(AH178="x",1,0) -> 0 | BY178: =IF(AI178="x",1,0) -> 0 | BZ178: =IF(AJ178="x",1,0) -> 0 | CA178: =IF(AK178="x",1,0) -> 0 | ... CZ178: =IF(BJ178="x",1,0) -> 0
B179: =B178+1 -> 171 | D179: =BP179 | E179: OK | F179: OK | I179: N/A | J179: =IF(AY179="X", "MIN", "OK") -> OK | K179: =IF(AZ179="X", "MIN", "OK") -> OK | L179: OK | M179: OK | V179: OK | W179: =IF(Z179="X","OK","N/A") -> N/A | X179: OK | Y179: =IF(AB179="X","OK","N/A") -> N/A | BP179: =CONCATENATE(BL179,BM179,BN179,BO179)
B180: =B179+1 -> 172 | D180: =BP180 | E180: OK | F180: OK | I180: N/A | J180: =IF(AY180="X", "MIN", "OK") -> OK | K180: =IF(AZ180="X", "MIN", "OK") -> OK | L180: OK | M180: OK | V180: OK | W180: =IF(Z180="X","OK","N/A") -> N/A | X180: OK | Y180: =IF(AB180="X","OK","N/A") -> N/A | BP180: =CONCATENATE(BL180,BM180,BN180,BO180)
B181: =B180+1 -> 173 | D181: =BP181 | E181: OK | F181: OK | I181: N/A | J181: =IF(AY181="X", "MIN", "OK") -> OK | K181: =IF(AZ181="X", "MIN", "OK") -> OK | L181: OK | M181: OK | V181: OK | W181: =IF(Z181="X","OK","N/A") -> N/A | X181: OK | Y181: =IF(AB181="X","OK","N/A") -> N/A | BP181: =CONCATENATE(BL181,BM181,BN181,BO181)
B182: =B181+1 -> 174 | D182: =BP182 | E182: OK | F182: OK | I182: N/A | J182: =IF(AY182="X", "MIN", "OK") -> OK | K182: =IF(AZ182="X", "MIN", "OK") -> OK | L182: OK | M182: OK | V182: OK | W182: =IF(Z182="X","OK","N/A") -> N/A | X182: OK | Y182: =IF(AB182="X","OK","N/A") -> N/A | BP182: =CONCATENATE(BL182,BM182,BN182,BO182)
B183: =B182+1 -> 175 | D183: =BP183 | E183: OK | F183: OK | I183: N/A | J183: =IF(AY183="X", "MIN", "OK") -> OK | K183: =IF(AZ183="X", "MIN", "OK") -> OK | L183: OK | M183: OK | V183: OK | W183: =IF(Z183="X","OK","N/A") -> N/A | X183: OK | Y183: =IF(AB183="X","OK","N/A") -> N/A | BP183: =CONCATENATE(BL183,BM183,BN183,BO183)
B184: =B183+1 -> 176 | D184: =BP184 | E184: OK | F184: OK | I184: N/A | J184: =IF(AY184="X", "MIN", "OK") -> OK | K184: =IF(AZ184="X", "MIN", "OK") -> OK | L184: OK | M184: OK | V184: OK | W184: =IF(Z184="X","OK","N/A") -> N/A | X184: OK | Y184: =IF(AB184="X","OK","N/A") -> N/A | BP184: =CONCATENATE(BL184,BM184,BN184,BO184)
B185: =B184+1 -> 177 | D185: =BP185 | E185: OK | F185: OK | I185: N/A | J185: =IF(AY185="X", "MIN", "OK") -> OK | K185: =IF(AZ185="X", "MIN", "OK") -> OK | L185: OK | M185: OK | V185: OK | W185: =IF(Z185="X","OK","N/A") -> N/A | X185: OK | Y185: =IF(AB185="X","OK","N/A") -> N/A | BP185: =CONCATENATE(BL185,BM185,BN185,BO185)
B186: =B185+1 -> 178 | D186: =BP186 | E186: OK | F186: OK | I186: N/A | J186: =IF(AY186="X", "MIN", "OK") -> OK | K186: =IF(AZ186="X", "MIN", "OK") -> OK | L186: OK | M186: OK | V186: OK | W186: =IF(Z186="X","OK","N/A") -> N/A | X186: OK | Y186: =IF(AB186="X","OK","N/A") -> N/A | BP186: =CONCATENATE(BL186,BM186,BN186,BO186)
B187: =B186+1 -> 179 | D187: =BP187 | E187: OK | F187: OK | I187: N/A | J187: =IF(AY187="X", "MIN", "OK") -> OK | K187: =IF(AZ187="X", "MIN", "OK") -> OK | L187: OK | M187: OK | V187: OK | W187: =IF(Z187="X","OK","N/A") -> N/A | X187: OK | Y187: =IF(AB187="X","OK","N/A") -> N/A | BP187: =CONCATENATE(BL187,BM187,BN187,BO187)
B188: =B187+1 -> 180 | D188: =BP188 | E188: OK | F188: OK | I188: N/A | J188: =IF(AY188="X", "MIN", "OK") -> OK | K188: =IF(AZ188="X", "MIN", "OK") -> OK | L188: OK | M188: OK | V188: OK | W188: =IF(Z188="X","OK","N/A") -> N/A | X188: OK | Y188: =IF(AB188="X","OK","N/A") -> N/A | BP188: =CONCATENATE(BL188,BM188,BN188,BO188)
B189: =B188+1 -> 181 | D189: =BP189 | E189: OK | F189: OK | I189: N/A | J189: =IF(AY189="X", "MIN", "OK") -> OK | K189: =IF(AZ189="X", "MIN", "OK") -> OK | L189: OK | M189: OK | V189: OK | W189: =IF(Z189="X","OK","N/A") -> N/A | X189: OK | Y189: =IF(AB189="X","OK","N/A") -> N/A | BP189: =CONCATENATE(BL189,BM189,BN189,BO189)
B190: =B189+1 -> 182 | D190: =BP190 | E190: OK | F190: OK | I190: N/A | J190: =IF(AY190="X", "MIN", "OK") -> OK | K190: =IF(AZ190="X", "MIN", "OK") -> OK | L190: OK | M190: OK | V190: OK | W190: =IF(Z190="X","OK","N/A") -> N/A | X190: OK | Y190: =IF(AB190="X","OK","N/A") -> N/A | BP190: =CONCATENATE(BL190,BM190,BN190,BO190)
... B608: =B607+1 -> 600 | D608: =BP608 | E608: OK | F608: OK | I608: N/A | J608: =IF(AY608="X", "MIN", "OK") -> OK | K608: =IF(AZ608="X", "MIN", "OK") -> OK | L608: OK | M608: OK | V608: OK | W608: =IF(Z608="X","OK","N/A") -> N/A | X608: OK | Y608: =IF(AB608="X","OK","N/A") -> N/A | BP608: =CONCATENATE(BL608,BM608,BN608,BO608)
BG609: =CONCATENATE(BC609,BD609,BE609,BF609)
BG610: =CONCATENATE(BC610,BD610,BE610,BF610)
BG611: =CONCATENATE(BC611,BD611,BE611,BF611)
BG612: =CONCATENATE(BC612,BD612,BE612,BF612)
BG613: =CONCATENATE(BC613,BD613,BE613,BF613)
BG614: =CONCATENATE(BC614,BD614,BE614,BF614)
BG615: =CONCATENATE(BC615,BD615,BE615,BF615)
BG616: =CONCATENATE(BC616,BD616,BE616,BF616)
BG617: =CONCATENATE(BC617,BD617,BE617,BF617)
BG618: =CONCATENATE(BC618,BD618,BE618,BF618)
BG619: =CONCATENATE(BC619,BD619,BE619,BF619)
BG620: =CONCATENATE(BC620,BD620,BE620,BF620)
... BG872: =CONCATENATE(BC872,BD872,BE872,BF872)

Sheet HWDP Count
A1: Box Reface Count | C1: Pin Reface Count
A2: R1 (Pitting/Galling) | B2: =COUNTIF('Prop HWDP Inp Report'!$AA$9:$AA$1048576,"1") -> 0 | C2: R1 | D2: =COUNTIF('Prop HWDP Inp Report'!$AC$9:$AC$1048576,"1") -> 0
A3: R2 (Cuts >30%) | B3: =COUNTIF('Prop HWDP Inp Report'!$AA$9:$AA$1048576,"2") -> 0 | C3: R2 | D3: =COUNTIF('Prop HWDP Inp Report'!$AC$9:$AC$1048576,"2") -> 0
A4: R3 (Out of Length) | B4: =COUNTIF('Prop HWDP Inp Report'!$AA$9:$AA$1048576,"3") -> 0 | C4: R3 | D4: =COUNTIF('Prop HWDP Inp Report'!$AC$9:$AC$1048576,"3") -> 0
A5: R4 (Handling/Stabbing) | B5: =COUNTIF('Prop HWDP Inp Report'!$AA$9:$AA$1048576,"4") -> 0 | C5: R4 | D5: =COUNTIF('Prop HWDP Inp Report'!$AC$9:$AC$1048576,"4") -> 0

Sheet Summary Sub
A1: Operator: | C1: ='DATA SHEET'!B2 -> 0 | F1: ='DATA SHEET'!$B$13 -> 0
A2: Contractor: | C2: =CONCATENATE('DATA SHEET'!B3," ",'DATA SHEET'!B4)
A3: Date: | C3: ='DATA SHEET'!B5 -> 0
A4: Field Invoice: | C4: ='DATA SHEET'!B6 -> 0
A5: Inspection Crew: | C5: ='DATA SHEET'!B7 -> 0
A6: Inspection Type | C6: =IFERROR(CONCATENATE(VLOOKUP('DATA SHEET'!$E$17,'DATA SHEET'!$G$3:$I$10,3,FALSE),'DATA SHEET'!$E$19,'DATA SHEET'!$E$21),"")
A7: Size | C7: Connection Type | E7: Grade
A8: MISC. | C8: MISC. | E8: N/A
A10: Machine Shop | C10: Contact | D10: Number
A11: N/A | C11: =VLOOKUP($A$11,'Shop List'!$A$2:$D$9,3,FALSE) -> N/A | D11: =VLOOKUP($A$11,'Shop List'!$A$2:$D$9,4,FALSE) -> N/A | L11: HWDP
A14: Inspection Summary
A15: Premium: | C15: =J15-C17 -> 0 | H15: Tools Inspected: | J15: =COUNTA('Prop Subs Inp Report'!G9:G1048576) -> 0
H16: Tools Rig Ready: | J16: =J15-J17-C17 -> 0
A17: DBR: | C17: =SUMIF('Data Sheet Subs'!J2:J2500,"<>#REF!") -> 0 | H17: Tools to Machine Shop: | J17: =SUMIF('Data Sheet Subs'!I2:I2500,"<>#REF!") -> 0
F19: Field Repair
F20: Refaces:
F21: Box: | I21: Pin:
F22: ='Prop Subs Inp Report'!Z7 -> 0 | I22: ='Prop Subs Inp Report'!AB7 -> 0
F23: Pin Nose Repair: | I23: 0
F25: Total Hardbands: | G25: =SUM(I26:K26) -> 0 | I25: Box | K25: Pin
I26: ='Prop Subs Inp Report'!AR7 -> 0 | K26: ='Prop Subs Inp Report'!AU7 -> 0
F27: Damaged Hardband: | G27: =SUM(I28:K28) -> 0 | I27: Box: | K27: Pin:
I28: ='Prop Subs Inp Report'!AP7 -> 0 | K28: ='Prop Subs Inp Report'!AQ7 -> 0
F29: DBR Hardband: | G29: =SUM(I30:K30) -> 0 | I29: Box: | K29: Pin:
I30: ='Prop Subs Inp Report'!AV7 -> 0 | K30: ='Prop Subs Inp Report'!AW7 -> 0
F31: ='Prop Subs Inp Report'!AS8 -> Hardband Centerpad #1: | G31: ='Prop Subs Inp Report'!AS7 -> 0 | I31: ='Prop Subs Inp Report'!AT8 -> Hardband Centerpad #2: | K31: ='Prop Subs Inp Report'!AT7 -> 0
A47: Remarks:

Sheet Prop Subs Inp Report
B2: Operator: | F2: ='Summary Sub'!C1 -> 0 | AD2: Pathfinder Inspections and Field Services
B3: Rig Name & Number: | F3: ='Summary Sub'!C2 | I3: Field Invoice: | L3: ='Summary Sub'!C4 -> 0 | AD3: Physical Address | AI3: 7501 Groening Street, Odessa TX 79765 | BR3: need to insert dimensions from DS-1 like our inspection reports
B4: Date: | F4: ='Summary Sub'!C3 -> 0 | I4: Inspector/Crew: | L4: ='Summary Sub'!C5 -> 0 | AD4: Mailing Address | AI4: PO Box 3889, Gillette, WY 82717
B5: Connection | E5: ='Summary Sub'!C8 -> MISC. | G5: Size | I5: ='Summary Sub'!A8 -> MISC. | K5: Grade | L5: ='Summary Sub'!E8 -> N/A | AD5: Contact Info | AI5: Jana Streitz - Owner, (C) 406-579-2672
G6: Dimensional | Z6: Refaces | AD6: Damages
B7: Identification | E7: MPI | G7: Tool Joint | J7: Tong Space | L7: Bevel Dia. | N7: Critical Lengths | Z7: =COUNTA(Z9:Z158) -> 0 | AB7: =COUNTA(AB9:AB158) -> 0 | AD7: =COUNTA(AD9:AD158) -> 0 | AE7: =COUNTA(AE9:AE158) -> 0 | AF7: =COUNTA(AF9:AF158) -> 0 | AG7: =COUNTA(AG9:AG158) -> 0 | AH7: =COUNTA(AH9:AH158) -> 0 | AI7: =COUNTA(AI9:AI158) -> 0 | AJ7: =COUNTA(AJ9:AJ158) -> 0 | AK7: =COUNTA(AK9:AK158) -> 0 | ... BJ7: =COUNTA(BJ9:BJ158) -> 0 | BR7: =SUM(BR9:BR432) -> 0 | BS7: =SUM(BS9:BS432) -> 0 | BT7: =SUM(BT9:BT432) -> 0 | BU7: =SUM(BU9:BU432) -> 0 | BV7: =SUM(BV9:BV432) -> 0 | BW7: =SUM(BW9:BW432) -> 0 | BX7: =SUM(BX9:BX432) -> 0 | BY7: =SUM(BY9:BY432) -> 0 | ... CZ7: =SUM(CZ9:CZ432) -> 0
B8: Joint #: | C8: Description: | D8: Joint Serial #: | E8: Box: | F8: Pin: | G8: Box OD: | H8: Pin ID: | I8: Center Wear Pad OD: | J8: Box: | K8: Pin: | L8: Box: | M8: Pin: | N8: Boreback Dia: | O8: Boreback Length: | P8: Stress Relief Groove Diameter: | Q8: Stress Relief Groove Length: | R8: C"Bore Depth: | S8: C"Bore Dia: | T8: Seal Width: | U8: Pin Nose Diameter: | V8: Comments | Z8: Box Reface: | AA8: Reface Type Box: | AB8: Pin Reface: | AC8: Reface Type Pin: | AD8: Damaged Seal Box: | AE8: Damaged Seal Pin: | AF8: Damaged Threads Box: | AG8: Damaged Threads Pin: | AH8: Damaged Torque Shoulder Box: | AI8: Damaged Torque Shoulder Pin: | AJ8: Over Refaced Box: | AK8: Over Refaced Pin: | AL8: Bent Tube: | AM8: Other Damage: | AN8: Other Damage: | AO8: Other Damage: | AP8: Damaged Hardband Box: | AQ8: Damaged Hardband Pin: | AR8: Hardband Box: | AS8: Hardband Centerpad #1: | AT8: Hardband Centerpad #2: | AU8: Hardband Pin: | AV8: DBR Hardband Box: | AW8: DBR Hardband Pin: | AX8: Minimum Wall Tube: | AY8: Min Tong Box: | AZ8: Min Tong Pin: | BA8: Min Seal Box: | BB8: Min Seal Pin: | BC8: Minimum OD: | BD8: Damaged Tube: | BE8: EMI Reject: | BF8: Other: | BG8: Box - Thread Recondition: | BH8: Pin - Thread Recondition: | BI8: Box - Bevel Repair: | BJ8: Pin - Bevel Repair: | BL8: Letter | BM8: Number | BN8: Letter | BO8: Number | BR8: =Z8 -> Box Reface: | BS8: =AB8 -> Pin Reface: | BT8: =AD8 -> Damaged Seal Box: | BU8: =AE8 -> Damaged Seal Pin: | BV8: =AF8 -> Damaged Threads Box: | BW8: =AG8 -> Damaged Threads Pin: | BX8: =AH8 -> Damaged Torque Shoulder Box: | BY8: =AI8 -> Damaged Torque Shoulder Pin: | BZ8: =AJ8 -> Over Refaced Box: | CA8: =AK8 -> Over Refaced Pin: | ... CZ8: =BJ8 -> Pin - Bevel Repair:
B9: 1 | D9: =BP9 | E9: OK | F9: OK | I9: N/A | J9: =IF(AY9="X", "MIN", "OK") -> OK | K9: =IF(AZ9="X", "MIN", "OK") -> OK | L9: OK | M9: OK | BP9: =CONCATENATE(BL9,BM9,BN9,BO9) | BR9: =IF(Z9="x",1,0) -> 0 | BS9: =IF(AB9="x",1,0) -> 0 | BT9: =IF(AD9="x",1,0) -> 0 | BU9: =IF(AE9="x",1,0) -> 0 | BV9: =IF(AF9="x",1,0) -> 0 | BW9: =IF(AG9="x",1,0) -> 0 | BX9: =IF(AH9="x",1,0) -> 0 | BY9: =IF(AI9="x",1,0) -> 0 | BZ9: =IF(AJ9="x",1,0) -> 0 | CA9: =IF(AK9="x",1,0) -> 0 | ... CZ9: =IF(BJ9="x",1,0) -> 0
B10: =B9+1 -> 2 | D10: =BP10 | E10: OK | F10: OK | I10: N/A | J10: =IF(AY10="X", "MIN", "OK") -> OK | K10: =IF(AZ10="X", "MIN", "OK") -> OK | L10: OK | M10: OK | BP10: =CONCATENATE(BL10,BM10,BN10,BO10) | BR10: =IF(Z10="x",1,0) -> 0 | BS10: =IF(AB10="x",1,0) -> 0 | BT10: =IF(AD10="x",1,0) -> 0 | BU10: =IF(AE10="x",1,0) -> 0 | BV10: =IF(AF10="x",1,0) -> 0 | BW10: =IF(AG10="x",1,0) -> 0 | BX10: =IF(AH10="x",1,0) -> 0 | BY10: =IF(AI10="x",1,0) -> 0 | BZ10: =IF(AJ10="x",1,0) -> 0 | CA10: =IF(AK10="x",1,0) -> 0 | ... CZ10: =IF(BJ10="x",1,0) -> 0
B11: =B10+1 -> 3 | D11: =BP11 | E11: OK | F11: OK | I11: N/A | J11: =IF(AY11="X", "MIN", "OK") -> OK | K11: =IF(AZ11="X", "MIN", "OK") -> OK | L11: OK | M11: OK | BP11: =CONCATENATE(BL11,BM11,BN11,BO11) | BR11: =IF(Z11="x",1,0) -> 0 | BS11: =IF(AB11="x",1,0) -> 0 | BT11: =IF(AD11="x",1,0) -> 0 | BU11: =IF(AE11="x",1,0) -> 0 | BV11: =IF(AF11="x",1,0) -> 0 | BW11: =IF(AG11="x",1,0) -> 0 | BX11: =IF(AH11="x",1,0) -> 0 | BY11: =IF(AI11="x",1,0) -> 0 | BZ11: =IF(AJ11="x",1,0) -> 0 | CA11: =IF(AK11="x",1,0) -> 0 | ... CZ11: =IF(BJ11="x",1,0) -> 0
B12: =B11+1 -> 4 | D12: =BP12 | E12: OK | F12: OK | I12: N/A | J12: =IF(AY12="X", "MIN", "OK") -> OK | K12: =IF(AZ12="X", "MIN", "OK") -> OK | L12: OK | M12: OK | BP12: =CONCATENATE(BL12,BM12,BN12,BO12) | BR12: =IF(Z12="x",1,0) -> 0 | BS12: =IF(AB12="x",1,0) -> 0 | BT12: =IF(AD12="x",1,0) -> 0 | BU12: =IF(AE12="x",1,0) -> 0 | BV12: =IF(AF12="x",1,0) -> 0 | BW12: =IF(AG12="x",1,0) -> 0 | BX12: =IF(AH12="x",1,0) -> 0 | BY12: =IF(AI12="x",1,0) -> 0 | BZ12: =IF(AJ12="x",1,0) -> 0 | CA12: =IF(AK12="x",1,0) -> 0 | ... CZ12: =IF(BJ12="x",1,0) -> 0
B13: =B12+1 -> 5 | D13: =BP13 | E13: OK | F13: OK | I13: N/A | J13: =IF(AY13="X", "MIN", "OK") -> OK | K13: =IF(AZ13="X", "MIN", "OK") -> OK | L13: OK | M13: OK | BP13: =CONCATENATE(BL13,BM13,BN13,BO13) | BR13: =IF(Z13="x",1,0) -> 0 | BS13: =IF(AB13="x",1,0) -> 0 | BT13: =IF(AD13="x",1,0) -> 0 | BU13: =IF(AE13="x",1,0) -> 0 | BV13: =IF(AF13="x",1,0) -> 0 | BW13: =IF(AG13="x",1,0) -> 0 | BX13: =IF(AH13="x",1,0) -> 0 | BY13: =IF(AI13="x",1,0) -> 0 | BZ13: =IF(AJ13="x",1,0) -> 0 | CA13: =IF(AK13="x",1,0) -> 0 | ... CZ13: =IF(BJ13="x",1,0) -> 0
B14: =B13+1 -> 6 | D14: =BP14 | E14: OK | F14: OK | I14: N/A | J14: =IF(AY14="X", "MIN", "OK") -> OK | K14: =IF(AZ14="X", "MIN", "OK") -> OK | L14: OK | M14: OK | BP14: =CONCATENATE(BL14,BM14,BN14,BO14) | BR14: =IF(Z14="x",1,0) -> 0 | BS14: =IF(AB14="x",1,0) -> 0 | BT14: =IF(AD14="x",1,0) -> 0 | BU14: =IF(AE14="x",1,0) -> 0 | BV14: =IF(AF14="x",1,0) -> 0 | BW14: =IF(AG14="x",1,0) -> 0 | BX14: =IF(AH14="x",1,0) -> 0 | BY14: =IF(AI14="x",1,0) -> 0 | BZ14: =IF(AJ14="x",1,0) -> 0 | CA14: =IF(AK14="x",1,0) -> 0 | ... CZ14: =IF(BJ14="x",1,0) -> 0
B15: =B14+1 -> 7 | D15: =BP15 | E15: OK | F15: OK | I15: N/A | J15: =IF(AY15="X", "MIN", "OK") -> OK | K15: =IF(AZ15="X", "MIN", "OK") -> OK | L15: OK | M15: OK | BP15: =CONCATENATE(BL15,BM15,BN15,BO15) | BR15: =IF(Z15="x",1,0) -> 0 | BS15: =IF(AB15="x",1,0) -> 0 | BT15: =IF(AD15="x",1,0) -> 0 | BU15: =IF(AE15="x",1,0) -> 0 | BV15: =IF(AF15="x",1,0) -> 0 | BW15: =IF(AG15="x",1,0) -> 0 | BX15: =IF(AH15="x",1,0) -> 0 | BY15: =IF(AI15="x",1,0) -> 0 | BZ15: =IF(AJ15="x",1,0) -> 0 | CA15: =IF(AK15="x",1,0) -> 0 | ... CZ15: =IF(BJ15="x",1,0) -> 0
B16: =B15+1 -> 8 | D16: =BP16 | E16: OK | F16: OK | I16: N/A | J16: =IF(AY16="X", "MIN", "OK") -> OK | K16: =IF(AZ16="X", "MIN", "OK") -> OK | L16: OK | M16: OK | BP16: =CONCATENATE(BL16,BM16,BN16,BO16) | BR16: =IF(Z16="x",1,0) -> 0 | BS16: =IF(AB16="x",1,0) -> 0 | BT16: =IF(AD16="x",1,0) -> 0 | BU16: =IF(AE16="x",1,0) -> 0 | BV16: =IF(AF16="x",1,0) -> 0 | BW16: =IF(AG16="x",1,0) -> 0 | BX16: =IF(AH16="x",1,0) -> 0 | BY16: =IF(AI16="x",1,0) -> 0 | BZ16: =IF(AJ16="x",1,0) -> 0 | CA16: =IF(AK16="x",1,0) -> 0 | ... CZ16: =IF(BJ16="x",1,0) -> 0
B17: =B16+1 -> 9 | D17: =BP17 | E17: OK | F17: OK | I17: N/A | J17: =IF(AY17="X", "MIN", "OK") -> OK | K17: =IF(AZ17="X", "MIN", "OK") -> OK | L17: OK | M17: OK | BP17: =CONCATENATE(BL17,BM17,BN17,BO17) | BR17: =IF(Z17="x",1,0) -> 0 | BS17: =IF(AB17="x",1,0) -> 0 | BT17: =IF(AD17="x",1,0) -> 0 | BU17: =IF(AE17="x",1,0) -> 0 | BV17: =IF(AF17="x",1,0) -> 0 | BW17: =IF(AG17="x",1,0) -> 0 | BX17: =IF(AH17="x",1,0) -> 0 | BY17: =IF(AI17="x",1,0) -> 0 | BZ17: =IF(AJ17="x",1,0) -> 0 | CA17: =IF(AK17="x",1,0) -> 0 | ... CZ17: =IF(BJ17="x",1,0) -> 0
B18: =B17+1 -> 10 | D18: =BP18 | E18: OK | F18: OK | I18: N/A | J18: =IF(AY18="X", "MIN", "OK") -> OK | K18: =IF(AZ18="X", "MIN", "OK") -> OK | L18: OK | M18: OK | BP18: =CONCATENATE(BL18,BM18,BN18,BO18) | BR18: =IF(Z18="x",1,0) -> 0 | BS18: =IF(AB18="x",1,0) -> 0 | BT18: =IF(AD18="x",1,0) -> 0 | BU18: =IF(AE18="x",1,0) -> 0 | BV18: =IF(AF18="x",1,0) -> 0 | BW18: =IF(AG18="x",1,0) -> 0 | BX18: =IF(AH18="x",1,0) -> 0 | BY18: =IF(AI18="x",1,0) -> 0 | BZ18: =IF(AJ18="x",1,0) -> 0 | CA18: =IF(AK18="x",1,0) -> 0 | ... CZ18: =IF(BJ18="x",1,0) -> 0
B19: =B18+1 -> 11 | D19: =BP19 | E19: OK | F19: OK | I19: N/A | J19: =IF(AY19="X", "MIN", "OK") -> OK | K19: =IF(AZ19="X", "MIN", "OK") -> OK | L19: OK | M19: OK | BP19: =CONCATENATE(BL19,BM19,BN19,BO19) | BR19: =IF(Z19="x",1,0) -> 0 | BS19: =IF(AB19="x",1,0) -> 0 | BT19: =IF(AD19="x",1,0) -> 0 | BU19: =IF(AE19="x",1,0) -> 0 | BV19: =IF(AF19="x",1,0) -> 0 | BW19: =IF(AG19="x",1,0) -> 0 | BX19: =IF(AH19="x",1,0) -> 0 | BY19: =IF(AI19="x",1,0) -> 0 | BZ19: =IF(AJ19="x",1,0) -> 0 | CA19: =IF(AK19="x",1,0) -> 0 | ... CZ19: =IF(BJ19="x",1,0) -> 0
B20: =B19+1 -> 12 | D20: =BP20 | E20: OK | F20: OK | I20: N/A | J20: =IF(AY20="X", "MIN", "OK") -> OK | K20: =IF(AZ20="X", "MIN", "OK") -> OK | L20: OK | M20: OK | BP20: =CONCATENATE(BL20,BM20,BN20,BO20) | BR20: =IF(Z20="x",1,0) -> 0 | BS20: =IF(AB20="x",1,0) -> 0 | BT20: =IF(AD20="x",1,0) -> 0 | BU20: =IF(AE20="x",1,0) -> 0 | BV20: =IF(AF20="x",1,0) -> 0 | BW20: =IF(AG20="x",1,0) -> 0 | BX20: =IF(AH20="x",1,0) -> 0 | BY20: =IF(AI20="x",1,0) -> 0 | BZ20: =IF(AJ20="x",1,0) -> 0 | CA20: =IF(AK20="x",1,0) -> 0 | ... CZ20: =IF(BJ20="x",1,0) -> 0
B21: =B20+1 -> 13 | D21: =BP21 | E21: OK | F21: OK | I21: N/A | J21: =IF(AY21="X", "MIN", "OK") -> OK | K21: =IF(AZ21="X", "MIN", "OK") -> OK | L21: OK | M21: OK | BP21: =CONCATENATE(BL21,BM21,BN21,BO21) | BR21: =IF(Z21="x",1,0) -> 0 | BS21: =IF(AB21="x",1,0) -> 0 | BT21: =IF(AD21="x",1,0) -> 0 | BU21: =IF(AE21="x",1,0) -> 0 | BV21: =IF(AF21="x",1,0) -> 0 | BW21: =IF(AG21="x",1,0) -> 0 | BX21: =IF(AH21="x",1,0) -> 0 | BY21: =IF(AI21="x",1,0) -> 0 | BZ21: =IF(AJ21="x",1,0) -> 0 | CA21: =IF(AK21="x",1,0) -> 0 | ... CZ21: =IF(BJ21="x",1,0) -> 0
... B158: =B157+1 -> 150 | D158: =BP158 | E158: OK | F158: OK | I158: N/A | J158: =IF(AY158="X", "MIN", "OK") -> OK | K158: =IF(AZ158="X", "MIN", "OK") -> OK | L158: OK | M158: OK | BP158: =CONCATENATE(BL158,BM158,BN158,BO158) | BR158: =IF(Z158="x",1,0) -> 0 | BS158: =IF(AB158="x",1,0) -> 0 | BT158: =IF(AD158="x",1,0) -> 0 | BU158: =IF(AE158="x",1,0) -> 0 | BV158: =IF(AF158="x",1,0) -> 0 | BW158: =IF(AG158="x",1,0) -> 0 | BX158: =IF(AH158="x",1,0) -> 0 | BY158: =IF(AI158="x",1,0) -> 0 | BZ158: =IF(AJ158="x",1,0) -> 0 | CA158: =IF(AK158="x",1,0) -> 0 | ... CZ158: =IF(BJ158="x",1,0) -> 0
BG159: =CONCATENATE(BC159,BD159,BE159,BF159)
BG160: =CONCATENATE(BC160,BD160,BE160,BF160)
BG161: =CONCATENATE(BC161,BD161,BE161,BF161)
BG162: =CONCATENATE(BC162,BD162,BE162,BF162)
BG163: =CONCATENATE(BC163,BD163,BE163,BF163)
BG164: =CONCATENATE(BC164,BD164,BE164,BF164)
BG165: =CONCATENATE(BC165,BD165,BE165,BF165)
BG166: =CONCATENATE(BC166,BD166,BE166,BF166)
BG167: =CONCATENATE(BC167,BD167,BE167,BF167)
BG168: =CONCATENATE(BC168,BD168,BE168,BF168)
BG169: =CONCATENATE(BC169,BD169,BE169,BF169)
BG170: =CONCATENATE(BC170,BD170,BE170,BF170)
... BG304: =CONCATENATE(BC304,BD304,BE304,BF304)

Sheet EMI Prove Up Tap
B1: Inspector: | F1: Rig:
B2: Pipe Info: | F2: Well:
A4: Joint #: | B4: Serial #: | C4: Flaw | D4: Depth | E4: Adjacent Wall | F4: Remaining Body Wall | G4: Distance From End (B/P) | H4: Prove Up Result

Sheet Data Sheet Subs
A1: TOTAL DAMAGES: | B1: =SUM(B2:B13) -> 0 | I1: Joints with Repairs | J1: Joints DBR
A2: =CONCATENATE(LEFT(TRIM('Prop Subs Inp Report'!AD8),FIND("~",SUBSTITUTE('Prop Subs Inp Report'!AD8," ","~",LEN(TRIM('Prop Subs Inp Report'!AD8))-LEN(SUBSTITUTE(TRIM('Prop Subs Inp Report'!AD8)," ", ""))))-1),":") -> Damaged Seal: | B2: =C3+D3 -> 0 | C2: Box: | D2: Pin: | I2: =IF('Prop Subs Inp Report'!AD9="X",1,IF('Prop Subs Inp Report'!AE9="X",1,IF('Prop Subs Inp Report'!AF9="X",1,IF('Prop Subs Inp Report'!AG9="X",1,IF('Prop Subs Inp Report'!AH9="X",1,IF('Prop Subs Inp Report'!AI9="X",1,IF('Prop Subs Inp Report'!AJ9="X",1,IF('Prop Subs Inp Report'!AK9="X",1,IF('Prop Subs Inp Report'!AL9="X",1,IF('Prop Subs Inp Report'!AM9="X",1,IF('Prop Subs Inp Report'!AN9="X",1,IF('Prop Subs Inp Report'!AO9="X",1,IF('Prop Subs Inp Report'!AP9="X",1, IF('Prop Subs Inp Report'!AQ9="X",1,0)))))))))))))) -> 0 | J2: =IF('Prop Subs Inp Report'!AV9="X",1,IF('Prop Subs Inp Report'!AW9="X",1,IF('Prop Subs Inp Report'!AX9="X",1,IF('Prop Subs Inp Report'!AY9="X",1,IF('Prop Subs Inp Report'!AZ9="X",1,IF('Prop Subs Inp Report'!BA9="X",1,IF('Prop Subs Inp Report'!BB9="X",1,IF('Prop Subs Inp Report'!BC9="X",1,IF('Prop Subs Inp Report'!BD9="X",1,IF('Prop Subs Inp Report'!BE9="X",1,IF('Prop Subs Inp Report'!BF9="X",1,0))))))))))) -> 0
C3: ='Prop Subs Inp Report'!AD7 -> 0 | D3: ='Prop Subs Inp Report'!AE7 -> 0 | I3: =IF('Prop Subs Inp Report'!AD10="X",1,IF('Prop Subs Inp Report'!AE10="X",1,IF('Prop Subs Inp Report'!AF10="X",1,IF('Prop Subs Inp Report'!AG10="X",1,IF('Prop Subs Inp Report'!AH10="X",1,IF('Prop Subs Inp Report'!AI10="X",1,IF('Prop Subs Inp Report'!AJ10="X",1,IF('Prop Subs Inp Report'!AK10="X",1,IF('Prop Subs Inp Report'!AL10="X",1,IF('Prop Subs Inp Report'!AM10="X",1,IF('Prop Subs Inp Report'!AN10="X",1,IF('Prop Subs Inp Report'!AO10="X",1,IF('Prop Subs Inp Report'!AP10="X",1, IF('Prop Subs Inp Report'!AQ10="X",1,0)))))))))))))) -> 0 | J3: =IF('Prop Subs Inp Report'!AV10="X",1,IF('Prop Subs Inp Report'!AW10="X",1,IF('Prop Subs Inp Report'!AX10="X",1,IF('Prop Subs Inp Report'!AY10="X",1,IF('Prop Subs Inp Report'!AZ10="X",1,IF('Prop Subs Inp Report'!BA10="X",1,IF('Prop Subs Inp Report'!BB10="X",1,IF('Prop Subs Inp Report'!BC10="X",1,IF('Prop Subs Inp Report'!BD10="X",1,IF('Prop Subs Inp Report'!BE10="X",1,IF('Prop Subs Inp Report'!BF10="X",1,0))))))))))) -> 0
A4: =CONCATENATE(LEFT(TRIM('Prop Subs Inp Report'!AF8),FIND("~",SUBSTITUTE('Prop Subs Inp Report'!AF8," ","~",LEN(TRIM('Prop Subs Inp Report'!AF8))-LEN(SUBSTITUTE(TRIM('Prop Subs Inp Report'!AF8)," ",""))))-1),":") -> Damaged Threads: | B4: =C5+D5 -> 0 | C4: Box: | D4: Pin: | I4: =IF('Prop Subs Inp Report'!AD11="X",1,IF('Prop Subs Inp Report'!AE11="X",1,IF('Prop Subs Inp Report'!AF11="X",1,IF('Prop Subs Inp Report'!AG11="X",1,IF('Prop Subs Inp Report'!AH11="X",1,IF('Prop Subs Inp Report'!AI11="X",1,IF('Prop Subs Inp Report'!AJ11="X",1,IF('Prop Subs Inp Report'!AK11="X",1,IF('Prop Subs Inp Report'!AL11="X",1,IF('Prop Subs Inp Report'!AM11="X",1,IF('Prop Subs Inp Report'!AN11="X",1,IF('Prop Subs Inp Report'!AO11="X",1,IF('Prop Subs Inp Report'!AP11="X",1, IF('Prop Subs Inp Report'!AQ11="X",1,0)))))))))))))) -> 0 | J4: =IF('Prop Subs Inp Report'!AV11="X",1,IF('Prop Subs Inp Report'!AW11="X",1,IF('Prop Subs Inp Report'!AX11="X",1,IF('Prop Subs Inp Report'!AY11="X",1,IF('Prop Subs Inp Report'!AZ11="X",1,IF('Prop Subs Inp Report'!BA11="X",1,IF('Prop Subs Inp Report'!BB11="X",1,IF('Prop Subs Inp Report'!BC11="X",1,IF('Prop Subs Inp Report'!BD11="X",1,IF('Prop Subs Inp Report'!BE11="X",1,IF('Prop Subs Inp Report'!BF11="X",1,0))))))))))) -> 0
C5: ='Prop Subs Inp Report'!AF7 -> 0 | D5: ='Prop Subs Inp Report'!AG7 -> 0 | I5: =IF('Prop Subs Inp Report'!AD12="X",1,IF('Prop Subs Inp Report'!AE12="X",1,IF('Prop Subs Inp Report'!AF12="X",1,IF('Prop Subs Inp Report'!AG12="X",1,IF('Prop Subs Inp Report'!AH12="X",1,IF('Prop Subs Inp Report'!AI12="X",1,IF('Prop Subs Inp Report'!AJ12="X",1,IF('Prop Subs Inp Report'!AK12="X",1,IF('Prop Subs Inp Report'!AL12="X",1,IF('Prop Subs Inp Report'!AM12="X",1,IF('Prop Subs Inp Report'!AN12="X",1,IF('Prop Subs Inp Report'!AO12="X",1,IF('Prop Subs Inp Report'!AP12="X",1, IF('Prop Subs Inp Report'!AQ12="X",1,0)))))))))))))) -> 0 | J5: =IF('Prop Subs Inp Report'!AV12="X",1,IF('Prop Subs Inp Report'!AW12="X",1,IF('Prop Subs Inp Report'!AX12="X",1,IF('Prop Subs Inp Report'!AY12="X",1,IF('Prop Subs Inp Report'!AZ12="X",1,IF('Prop Subs Inp Report'!BA12="X",1,IF('Prop Subs Inp Report'!BB12="X",1,IF('Prop Subs Inp Report'!BC12="X",1,IF('Prop Subs Inp Report'!BD12="X",1,IF('Prop Subs Inp Report'!BE12="X",1,IF('Prop Subs Inp Report'!BF12="X",1,0))))))))))) -> 0
A6: =CONCATENATE(LEFT(TRIM('Prop Subs Inp Report'!AH8),FIND("~",SUBSTITUTE('Prop Subs Inp Report'!AH8," ","~",LEN(TRIM('Prop Subs Inp Report'!AH8))-LEN(SUBSTITUTE(TRIM('Prop Subs Inp Report'!AH8)," ",""))))-1),":") -> Damaged Torque Shoulder: | B6: =SUM(C7:D7) -> 0 | C6: Box: | D6: Pin: | I6: =IF('Prop Subs Inp Report'!AD13="X",1,IF('Prop Subs Inp Report'!AE13="X",1,IF('Prop Subs Inp Report'!AF13="X",1,IF('Prop Subs Inp Report'!AG13="X",1,IF('Prop Subs Inp Report'!AH13="X",1,IF('Prop Subs Inp Report'!AI13="X",1,IF('Prop Subs Inp Report'!AJ13="X",1,IF('Prop Subs Inp Report'!AK13="X",1,IF('Prop Subs Inp Report'!AL13="X",1,IF('Prop Subs Inp Report'!AM13="X",1,IF('Prop Subs Inp Report'!AN13="X",1,IF('Prop Subs Inp Report'!AO13="X",1,IF('Prop Subs Inp Report'!AP13="X",1, IF('Prop Subs Inp Report'!AQ13="X",1,0)))))))))))))) -> 0 | J6: =IF('Prop Subs Inp Report'!AV13="X",1,IF('Prop Subs Inp Report'!AW13="X",1,IF('Prop Subs Inp Report'!AX13="X",1,IF('Prop Subs Inp Report'!AY13="X",1,IF('Prop Subs Inp Report'!AZ13="X",1,IF('Prop Subs Inp Report'!BA13="X",1,IF('Prop Subs Inp Report'!BB13="X",1,IF('Prop Subs Inp Report'!BC13="X",1,IF('Prop Subs Inp Report'!BD13="X",1,IF('Prop Subs Inp Report'!BE13="X",1,IF('Prop Subs Inp Report'!BF13="X",1,0))))))))))) -> 0
C7: ='Prop Subs Inp Report'!AH7 -> 0 | D7: ='Prop Subs Inp Report'!AI7 -> 0 | I7: =IF('Prop Subs Inp Report'!AD14="X",1,IF('Prop Subs Inp Report'!AE14="X",1,IF('Prop Subs Inp Report'!AF14="X",1,IF('Prop Subs Inp Report'!AG14="X",1,IF('Prop Subs Inp Report'!AH14="X",1,IF('Prop Subs Inp Report'!AI14="X",1,IF('Prop Subs Inp Report'!AJ14="X",1,IF('Prop Subs Inp Report'!AK14="X",1,IF('Prop Subs Inp Report'!AL14="X",1,IF('Prop Subs Inp Report'!AM14="X",1,IF('Prop Subs Inp Report'!AN14="X",1,IF('Prop Subs Inp Report'!AO14="X",1,IF('Prop Subs Inp Report'!AP14="X",1, IF('Prop Subs Inp Report'!AQ14="X",1,0)))))))))))))) -> 0 | J7: =IF('Prop Subs Inp Report'!AV14="X",1,IF('Prop Subs Inp Report'!AW14="X",1,IF('Prop Subs Inp Report'!AX14="X",1,IF('Prop Subs Inp Report'!AY14="X",1,IF('Prop Subs Inp Report'!AZ14="X",1,IF('Prop Subs Inp Report'!BA14="X",1,IF('Prop Subs Inp Report'!BB14="X",1,IF('Prop Subs Inp Report'!BC14="X",1,IF('Prop Subs Inp Report'!BD14="X",1,IF('Prop Subs Inp Report'!BE14="X",1,IF('Prop Subs Inp Report'!BF14="X",1,0))))))))))) -> 0
A8: =CONCATENATE(LEFT(TRIM('Prop Subs Inp Report'!AJ8),FIND("~",SUBSTITUTE('Prop Subs Inp Report'!AJ8," ","~",LEN(TRIM('Prop Subs Inp Report'!AJ8))-LEN(SUBSTITUTE(TRIM('Prop Subs Inp Report'!AJ8)," ",""))))-1),":") -> Over Refaced: | B8: =SUM(C9:D9) -> 0 | C8: Box: | D8: Pin: | I8: =IF('Prop Subs Inp Report'!AD15="X",1,IF('Prop Subs Inp Report'!AE15="X",1,IF('Prop Subs Inp Report'!AF15="X",1,IF('Prop Subs Inp Report'!AG15="X",1,IF('Prop Subs Inp Report'!AH15="X",1,IF('Prop Subs Inp Report'!AI15="X",1,IF('Prop Subs Inp Report'!AJ15="X",1,IF('Prop Subs Inp Report'!AK15="X",1,IF('Prop Subs Inp Report'!AL15="X",1,IF('Prop Subs Inp Report'!AM15="X",1,IF('Prop Subs Inp Report'!AN15="X",1,IF('Prop Subs Inp Report'!AO15="X",1,IF('Prop Subs Inp Report'!AP15="X",1, IF('Prop Subs Inp Report'!AQ15="X",1,0)))))))))))))) -> 0 | J8: =IF('Prop Subs Inp Report'!AV15="X",1,IF('Prop Subs Inp Report'!AW15="X",1,IF('Prop Subs Inp Report'!AX15="X",1,IF('Prop Subs Inp Report'!AY15="X",1,IF('Prop Subs Inp Report'!AZ15="X",1,IF('Prop Subs Inp Report'!BA15="X",1,IF('Prop Subs Inp Report'!BB15="X",1,IF('Prop Subs Inp Report'!BC15="X",1,IF('Prop Subs Inp Report'!BD15="X",1,IF('Prop Subs Inp Report'!BE15="X",1,IF('Prop Subs Inp Report'!BF15="X",1,0))))))))))) -> 0
C9: ='Prop Subs Inp Report'!AJ7 -> 0 | D9: ='Prop Subs Inp Report'!AK7 -> 0 | I9: =IF('Prop Subs Inp Report'!AD16="X",1,IF('Prop Subs Inp Report'!AE16="X",1,IF('Prop Subs Inp Report'!AF16="X",1,IF('Prop Subs Inp Report'!AG16="X",1,IF('Prop Subs Inp Report'!AH16="X",1,IF('Prop Subs Inp Report'!AI16="X",1,IF('Prop Subs Inp Report'!AJ16="X",1,IF('Prop Subs Inp Report'!AK16="X",1,IF('Prop Subs Inp Report'!AL16="X",1,IF('Prop Subs Inp Report'!AM16="X",1,IF('Prop Subs Inp Report'!AN16="X",1,IF('Prop Subs Inp Report'!AO16="X",1,IF('Prop Subs Inp Report'!AP16="X",1, IF('Prop Subs Inp Report'!AQ16="X",1,0)))))))))))))) -> 0 | J9: =IF('Prop Subs Inp Report'!AV16="X",1,IF('Prop Subs Inp Report'!AW16="X",1,IF('Prop Subs Inp Report'!AX16="X",1,IF('Prop Subs Inp Report'!AY16="X",1,IF('Prop Subs Inp Report'!AZ16="X",1,IF('Prop Subs Inp Report'!BA16="X",1,IF('Prop Subs Inp Report'!BB16="X",1,IF('Prop Subs Inp Report'!BC16="X",1,IF('Prop Subs Inp Report'!BD16="X",1,IF('Prop Subs Inp Report'!BE16="X",1,IF('Prop Subs Inp Report'!BF16="X",1,0))))))))))) -> 0
A10: ='Prop Subs Inp Report'!AL8 -> Bent Tube: | B10: ='Prop Subs Inp Report'!AL7 -> 0 | I10: =IF('Prop Subs Inp Report'!AD17="X",1,IF('Prop Subs Inp Report'!AE17="X",1,IF('Prop Subs Inp Report'!AF17="X",1,IF('Prop Subs Inp Report'!AG17="X",1,IF('Prop Subs Inp Report'!AH17="X",1,IF('Prop Subs Inp Report'!AI17="X",1,IF('Prop Subs Inp Report'!AJ17="X",1,IF('Prop Subs Inp Report'!AK17="X",1,IF('Prop Subs Inp Report'!AL17="X",1,IF('Prop Subs Inp Report'!AM17="X",1,IF('Prop Subs Inp Report'!AN17="X",1,IF('Prop Subs Inp Report'!AO17="X",1,IF('Prop Subs Inp Report'!AP17="X",1, IF('Prop Subs Inp Report'!AQ17="X",1,0)))))))))))))) -> 0 | J10: =IF('Prop Subs Inp Report'!AV17="X",1,IF('Prop Subs Inp Report'!AW17="X",1,IF('Prop Subs Inp Report'!AX17="X",1,IF('Prop Subs Inp Report'!AY17="X",1,IF('Prop Subs Inp Report'!AZ17="X",1,IF('Prop Subs Inp Report'!BA17="X",1,IF('Prop Subs Inp Report'!BB17="X",1,IF('Prop Subs Inp Report'!BC17="X",1,IF('Prop Subs Inp Report'!BD17="X",1,IF('Prop Subs Inp Report'!BE17="X",1,IF('Prop Subs Inp Report'!BF17="X",1,0))))))))))) -> 0
A11: ='Prop Subs Inp Report'!AM8 -> Other Damage: | B11: ='Prop Subs Inp Report'!AM7 -> 0 | I11: =IF('Prop Subs Inp Report'!AD18="X",1,IF('Prop Subs Inp Report'!AE18="X",1,IF('Prop Subs Inp Report'!AF18="X",1,IF('Prop Subs Inp Report'!AG18="X",1,IF('Prop Subs Inp Report'!AH18="X",1,IF('Prop Subs Inp Report'!AI18="X",1,IF('Prop Subs Inp Report'!AJ18="X",1,IF('Prop Subs Inp Report'!AK18="X",1,IF('Prop Subs Inp Report'!AL18="X",1,IF('Prop Subs Inp Report'!AM18="X",1,IF('Prop Subs Inp Report'!AN18="X",1,IF('Prop Subs Inp Report'!AO18="X",1,IF('Prop Subs Inp Report'!AP18="X",1, IF('Prop Subs Inp Report'!AQ18="X",1,0)))))))))))))) -> 0 | J11: =IF('Prop Subs Inp Report'!AV18="X",1,IF('Prop Subs Inp Report'!AW18="X",1,IF('Prop Subs Inp Report'!AX18="X",1,IF('Prop Subs Inp Report'!AY18="X",1,IF('Prop Subs Inp Report'!AZ18="X",1,IF('Prop Subs Inp Report'!BA18="X",1,IF('Prop Subs Inp Report'!BB18="X",1,IF('Prop Subs Inp Report'!BC18="X",1,IF('Prop Subs Inp Report'!BD18="X",1,IF('Prop Subs Inp Report'!BE18="X",1,IF('Prop Subs Inp Report'!BF18="X",1,0))))))))))) -> 0
A12: ='Prop Subs Inp Report'!AN8 -> Other Damage: | B12: ='Prop Subs Inp Report'!AN7 -> 0 | I12: =IF('Prop Subs Inp Report'!AD19="X",1,IF('Prop Subs Inp Report'!AE19="X",1,IF('Prop Subs Inp Report'!AF19="X",1,IF('Prop Subs Inp Report'!AG19="X",1,IF('Prop Subs Inp Report'!AH19="X",1,IF('Prop Subs Inp Report'!AI19="X",1,IF('Prop Subs Inp Report'!AJ19="X",1,IF('Prop Subs Inp Report'!AK19="X",1,IF('Prop Subs Inp Report'!AL19="X",1,IF('Prop Subs Inp Report'!AM19="X",1,IF('Prop Subs Inp Report'!AN19="X",1,IF('Prop Subs Inp Report'!AO19="X",1,IF('Prop Subs Inp Report'!AP19="X",1, IF('Prop Subs Inp Report'!AQ19="X",1,0)))))))))))))) -> 0 | J12: =IF('Prop Subs Inp Report'!AV19="X",1,IF('Prop Subs Inp Report'!AW19="X",1,IF('Prop Subs Inp Report'!AX19="X",1,IF('Prop Subs Inp Report'!AY19="X",1,IF('Prop Subs Inp Report'!AZ19="X",1,IF('Prop Subs Inp Report'!BA19="X",1,IF('Prop Subs Inp Report'!BB19="X",1,IF('Prop Subs Inp Report'!BC19="X",1,IF('Prop Subs Inp Report'!BD19="X",1,IF('Prop Subs Inp Report'!BE19="X",1,IF('Prop Subs Inp Report'!BF19="X",1,0))))))))))) -> 0
A13: ='Prop Subs Inp Report'!AO8 -> Other Damage: | B13: ='Prop Subs Inp Report'!AO7 -> 0 | I13: =IF('Prop Subs Inp Report'!AD20="X",1,IF('Prop Subs Inp Report'!AE20="X",1,IF('Prop Subs Inp Report'!AF20="X",1,IF('Prop Subs Inp Report'!AG20="X",1,IF('Prop Subs Inp Report'!AH20="X",1,IF('Prop Subs Inp Report'!AI20="X",1,IF('Prop Subs Inp Report'!AJ20="X",1,IF('Prop Subs Inp Report'!AK20="X",1,IF('Prop Subs Inp Report'!AL20="X",1,IF('Prop Subs Inp Report'!AM20="X",1,IF('Prop Subs Inp Report'!AN20="X",1,IF('Prop Subs Inp Report'!AO20="X",1,IF('Prop Subs Inp Report'!AP20="X",1, IF('Prop Subs Inp Report'!AQ20="X",1,0)))))))))))))) -> 0 | J13: =IF('Prop Subs Inp Report'!AV20="X",1,IF('Prop Subs Inp Report'!AW20="X",1,IF('Prop Subs Inp Report'!AX20="X",1,IF('Prop Subs Inp Report'!AY20="X",1,IF('Prop Subs Inp Report'!AZ20="X",1,IF('Prop Subs Inp Report'!BA20="X",1,IF('Prop Subs Inp Report'!BB20="X",1,IF('Prop Subs Inp Report'!BC20="X",1,IF('Prop Subs Inp Report'!BD20="X",1,IF('Prop Subs Inp Report'!BE20="X",1,IF('Prop Subs Inp Report'!BF20="X",1,0))))))))))) -> 0
A14: =CONCATENATE(LEFT(TRIM('Prop Subs Inp Report'!AP8),FIND("~",SUBSTITUTE('Prop Subs Inp Report'!AP8," ","~",LEN(TRIM('Prop Subs Inp Report'!AP8))-LEN(SUBSTITUTE(TRIM('Prop Subs Inp Report'!AP8)," ",""))))-1),":") -> Damaged Hardband: | B14: =SUM(C15:D15) -> 0 | C14: Box: | D14: Pin: | I14: =IF('Prop Subs Inp Report'!AD21="X",1,IF('Prop Subs Inp Report'!AE21="X",1,IF('Prop Subs Inp Report'!AF21="X",1,IF('Prop Subs Inp Report'!AG21="X",1,IF('Prop Subs Inp Report'!AH21="X",1,IF('Prop Subs Inp Report'!AI21="X",1,IF('Prop Subs Inp Report'!AJ21="X",1,IF('Prop Subs Inp Report'!AK21="X",1,IF('Prop Subs Inp Report'!AL21="X",1,IF('Prop Subs Inp Report'!AM21="X",1,IF('Prop Subs Inp Report'!AN21="X",1,IF('Prop Subs Inp Report'!AO21="X",1,IF('Prop Subs Inp Report'!AP21="X",1, IF('Prop Subs Inp Report'!AQ21="X",1,0)))))))))))))) -> 0 | J14: =IF('Prop Subs Inp Report'!AV21="X",1,IF('Prop Subs Inp Report'!AW21="X",1,IF('Prop Subs Inp Report'!AX21="X",1,IF('Prop Subs Inp Report'!AY21="X",1,IF('Prop Subs Inp Report'!AZ21="X",1,IF('Prop Subs Inp Report'!BA21="X",1,IF('Prop Subs Inp Report'!BB21="X",1,IF('Prop Subs Inp Report'!BC21="X",1,IF('Prop Subs Inp Report'!BD21="X",1,IF('Prop Subs Inp Report'!BE21="X",1,IF('Prop Subs Inp Report'!BF21="X",1,0))))))))))) -> 0
C15: ='Prop Subs Inp Report'!AP7 -> 0 | D15: ='Prop Subs Inp Report'!AQ7 -> 0 | I15: =IF('Prop Subs Inp Report'!AD22="X",1,IF('Prop Subs Inp Report'!AE22="X",1,IF('Prop Subs Inp Report'!AF22="X",1,IF('Prop Subs Inp Report'!AG22="X",1,IF('Prop Subs Inp Report'!AH22="X",1,IF('Prop Subs Inp Report'!AI22="X",1,IF('Prop Subs Inp Report'!AJ22="X",1,IF('Prop Subs Inp Report'!AK22="X",1,IF('Prop Subs Inp Report'!AL22="X",1,IF('Prop Subs Inp Report'!AM22="X",1,IF('Prop Subs Inp Report'!AN22="X",1,IF('Prop Subs Inp Report'!AO22="X",1,IF('Prop Subs Inp Report'!AP22="X",1, IF('Prop Subs Inp Report'!AQ22="X",1,0)))))))))))))) -> 0 | J15: =IF('Prop Subs Inp Report'!AV22="X",1,IF('Prop Subs Inp Report'!AW22="X",1,IF('Prop Subs Inp Report'!AX22="X",1,IF('Prop Subs Inp Report'!AY22="X",1,IF('Prop Subs Inp Report'!AZ22="X",1,IF('Prop Subs Inp Report'!BA22="X",1,IF('Prop Subs Inp Report'!BB22="X",1,IF('Prop Subs Inp Report'!BC22="X",1,IF('Prop Subs Inp Report'!BD22="X",1,IF('Prop Subs Inp Report'!BE22="X",1,IF('Prop Subs Inp Report'!BF22="X",1,0))))))))))) -> 0
A16: =CONCATENATE(LEFT(TRIM('Prop Subs Inp Report'!AV8),FIND("~",SUBSTITUTE('Prop Subs Inp Report'!AV8," ","~",LEN(TRIM('Prop Subs Inp Report'!AV8))-LEN(SUBSTITUTE(TRIM('Prop Subs Inp Report'!AV8)," ",""))))-1),":") -> DBR Hardband: | B16: =SUM(C17:D17) -> 0 | C16: Box: | D16: Pin: | I16: =IF('Prop Subs Inp Report'!AD23="X",1,IF('Prop Subs Inp Report'!AE23="X",1,IF('Prop Subs Inp Report'!AF23="X",1,IF('Prop Subs Inp Report'!AG23="X",1,IF('Prop Subs Inp Report'!AH23="X",1,IF('Prop Subs Inp Report'!AI23="X",1,IF('Prop Subs Inp Report'!AJ23="X",1,IF('Prop Subs Inp Report'!AK23="X",1,IF('Prop Subs Inp Report'!AL23="X",1,IF('Prop Subs Inp Report'!AM23="X",1,IF('Prop Subs Inp Report'!AN23="X",1,IF('Prop Subs Inp Report'!AO23="X",1,IF('Prop Subs Inp Report'!AP23="X",1, IF('Prop Subs Inp Report'!AQ23="X",1,0)))))))))))))) -> 0 | J16: =IF('Prop Subs Inp Report'!AV23="X",1,IF('Prop Subs Inp Report'!AW23="X",1,IF('Prop Subs Inp Report'!AX23="X",1,IF('Prop Subs Inp Report'!AY23="X",1,IF('Prop Subs Inp Report'!AZ23="X",1,IF('Prop Subs Inp Report'!BA23="X",1,IF('Prop Subs Inp Report'!BB23="X",1,IF('Prop Subs Inp Report'!BC23="X",1,IF('Prop Subs Inp Report'!BD23="X",1,IF('Prop Subs Inp Report'!BE23="X",1,IF('Prop Subs Inp Report'!BF23="X",1,0))))))))))) -> 0
C17: ='Prop Subs Inp Report'!AV7 -> 0 | D17: ='Prop Subs Inp Report'!AW7 -> 0 | I17: =IF('Prop Subs Inp Report'!AD24="X",1,IF('Prop Subs Inp Report'!AE24="X",1,IF('Prop Subs Inp Report'!AF24="X",1,IF('Prop Subs Inp Report'!AG24="X",1,IF('Prop Subs Inp Report'!AH24="X",1,IF('Prop Subs Inp Report'!AI24="X",1,IF('Prop Subs Inp Report'!AJ24="X",1,IF('Prop Subs Inp Report'!AK24="X",1,IF('Prop Subs Inp Report'!AL24="X",1,IF('Prop Subs Inp Report'!AM24="X",1,IF('Prop Subs Inp Report'!AN24="X",1,IF('Prop Subs Inp Report'!AO24="X",1,IF('Prop Subs Inp Report'!AP24="X",1, IF('Prop Subs Inp Report'!AQ24="X",1,0)))))))))))))) -> 0 | J17: =IF('Prop Subs Inp Report'!AV24="X",1,IF('Prop Subs Inp Report'!AW24="X",1,IF('Prop Subs Inp Report'!AX24="X",1,IF('Prop Subs Inp Report'!AY24="X",1,IF('Prop Subs Inp Report'!AZ24="X",1,IF('Prop Subs Inp Report'!BA24="X",1,IF('Prop Subs Inp Report'!BB24="X",1,IF('Prop Subs Inp Report'!BC24="X",1,IF('Prop Subs Inp Report'!BD24="X",1,IF('Prop Subs Inp Report'!BE24="X",1,IF('Prop Subs Inp Report'!BF24="X",1,0))))))))))) -> 0
A18: ='Prop Subs Inp Report'!AX8 -> Minimum Wall Tube: | B18: ='Prop Subs Inp Report'!AX7 -> 0 | I18: =IF('Prop Subs Inp Report'!AD25="X",1,IF('Prop Subs Inp Report'!AE25="X",1,IF('Prop Subs Inp Report'!AF25="X",1,IF('Prop Subs Inp Report'!AG25="X",1,IF('Prop Subs Inp Report'!AH25="X",1,IF('Prop Subs Inp Report'!AI25="X",1,IF('Prop Subs Inp Report'!AJ25="X",1,IF('Prop Subs Inp Report'!AK25="X",1,IF('Prop Subs Inp Report'!AL25="X",1,IF('Prop Subs Inp Report'!AM25="X",1,IF('Prop Subs Inp Report'!AN25="X",1,IF('Prop Subs Inp Report'!AO25="X",1,IF('Prop Subs Inp Report'!AP25="X",1, IF('Prop Subs Inp Report'!AQ25="X",1,0)))))))))))))) -> 0 | J18: =IF('Prop Subs Inp Report'!AV25="X",1,IF('Prop Subs Inp Report'!AW25="X",1,IF('Prop Subs Inp Report'!AX25="X",1,IF('Prop Subs Inp Report'!AY25="X",1,IF('Prop Subs Inp Report'!AZ25="X",1,IF('Prop Subs Inp Report'!BA25="X",1,IF('Prop Subs Inp Report'!BB25="X",1,IF('Prop Subs Inp Report'!BC25="X",1,IF('Prop Subs Inp Report'!BD25="X",1,IF('Prop Subs Inp Report'!BE25="X",1,IF('Prop Subs Inp Report'!BF25="X",1,0))))))))))) -> 0
A19: =CONCATENATE(LEFT(TRIM('Prop Subs Inp Report'!AY8),FIND("~",SUBSTITUTE('Prop Subs Inp Report'!AY8," ","~",LEN(TRIM('Prop Subs Inp Report'!AY8))-LEN(SUBSTITUTE(TRIM('Prop Subs Inp Report'!AY8)," ",""))))-1),":") -> Min Tong: | B19: =SUM(C20:D20) -> 0 | C19: Box: | D19: Pin: | I19: =IF('Prop Subs Inp Report'!AD26="X",1,IF('Prop Subs Inp Report'!AE26="X",1,IF('Prop Subs Inp Report'!AF26="X",1,IF('Prop Subs Inp Report'!AG26="X",1,IF('Prop Subs Inp Report'!AH26="X",1,IF('Prop Subs Inp Report'!AI26="X",1,IF('Prop Subs Inp Report'!AJ26="X",1,IF('Prop Subs Inp Report'!AK26="X",1,IF('Prop Subs Inp Report'!AL26="X",1,IF('Prop Subs Inp Report'!AM26="X",1,IF('Prop Subs Inp Report'!AN26="X",1,IF('Prop Subs Inp Report'!AO26="X",1,IF('Prop Subs Inp Report'!AP26="X",1, IF('Prop Subs Inp Report'!AQ26="X",1,0)))))))))))))) -> 0 | J19: =IF('Prop Subs Inp Report'!AV26="X",1,IF('Prop Subs Inp Report'!AW26="X",1,IF('Prop Subs Inp Report'!AX26="X",1,IF('Prop Subs Inp Report'!AY26="X",1,IF('Prop Subs Inp Report'!AZ26="X",1,IF('Prop Subs Inp Report'!BA26="X",1,IF('Prop Subs Inp Report'!BB26="X",1,IF('Prop Subs Inp Report'!BC26="X",1,IF('Prop Subs Inp Report'!BD26="X",1,IF('Prop Subs Inp Report'!BE26="X",1,IF('Prop Subs Inp Report'!BF26="X",1,0))))))))))) -> 0
C20: ='Prop Subs Inp Report'!AY7 -> 0 | D20: ='Prop Subs Inp Report'!AZ7 -> 0 | I20: =IF('Prop Subs Inp Report'!AD27="X",1,IF('Prop Subs Inp Report'!AE27="X",1,IF('Prop Subs Inp Report'!AF27="X",1,IF('Prop Subs Inp Report'!AG27="X",1,IF('Prop Subs Inp Report'!AH27="X",1,IF('Prop Subs Inp Report'!AI27="X",1,IF('Prop Subs Inp Report'!AJ27="X",1,IF('Prop Subs Inp Report'!AK27="X",1,IF('Prop Subs Inp Report'!AL27="X",1,IF('Prop Subs Inp Report'!AM27="X",1,IF('Prop Subs Inp Report'!AN27="X",1,IF('Prop Subs Inp Report'!AO27="X",1,IF('Prop Subs Inp Report'!AP27="X",1, IF('Prop Subs Inp Report'!AQ27="X",1,0)))))))))))))) -> 0 | J20: =IF('Prop Subs Inp Report'!AV27="X",1,IF('Prop Subs Inp Report'!AW27="X",1,IF('Prop Subs Inp Report'!AX27="X",1,IF('Prop Subs Inp Report'!AY27="X",1,IF('Prop Subs Inp Report'!AZ27="X",1,IF('Prop Subs Inp Report'!BA27="X",1,IF('Prop Subs Inp Report'!BB27="X",1,IF('Prop Subs Inp Report'!BC27="X",1,IF('Prop Subs Inp Report'!BD27="X",1,IF('Prop Subs Inp Report'!BE27="X",1,IF('Prop Subs Inp Report'!BF27="X",1,0))))))))))) -> 0
A21: =CONCATENATE(LEFT(TRIM('Prop Subs Inp Report'!BA8),FIND("~",SUBSTITUTE('Prop Subs Inp Report'!BA8," ","~",LEN(TRIM('Prop Subs Inp Report'!BA8))-LEN(SUBSTITUTE(TRIM('Prop Subs Inp Report'!BA8)," ", ""))))-1),":") -> Min Seal: | B21: =SUM(C22:D22) -> 0 | C21: Box: | D21: Pin: | I21: =IF('Prop Subs Inp Report'!AD28="X",1,IF('Prop Subs Inp Report'!AE28="X",1,IF('Prop Subs Inp Report'!AF28="X",1,IF('Prop Subs Inp Report'!AG28="X",1,IF('Prop Subs Inp Report'!AH28="X",1,IF('Prop Subs Inp Report'!AI28="X",1,IF('Prop Subs Inp Report'!AJ28="X",1,IF('Prop Subs Inp Report'!AK28="X",1,IF('Prop Subs Inp Report'!AL28="X",1,IF('Prop Subs Inp Report'!AM28="X",1,IF('Prop Subs Inp Report'!AN28="X",1,IF('Prop Subs Inp Report'!AO28="X",1,IF('Prop Subs Inp Report'!AP28="X",1, IF('Prop Subs Inp Report'!AQ28="X",1,0)))))))))))))) -> 0 | J21: =IF('Prop Subs Inp Report'!AV28="X",1,IF('Prop Subs Inp Report'!AW28="X",1,IF('Prop Subs Inp Report'!AX28="X",1,IF('Prop Subs Inp Report'!AY28="X",1,IF('Prop Subs Inp Report'!AZ28="X",1,IF('Prop Subs Inp Report'!BA28="X",1,IF('Prop Subs Inp Report'!BB28="X",1,IF('Prop Subs Inp Report'!BC28="X",1,IF('Prop Subs Inp Report'!BD28="X",1,IF('Prop Subs Inp Report'!BE28="X",1,IF('Prop Subs Inp Report'!BF28="X",1,0))))))))))) -> 0
C22: ='Prop Subs Inp Report'!BA7 -> 0 | D22: ='Prop Subs Inp Report'!BB7 -> 0 | I22: =IF('Prop Subs Inp Report'!AD29="X",1,IF('Prop Subs Inp Report'!AE29="X",1,IF('Prop Subs Inp Report'!AF29="X",1,IF('Prop Subs Inp Report'!AG29="X",1,IF('Prop Subs Inp Report'!AH29="X",1,IF('Prop Subs Inp Report'!AI29="X",1,IF('Prop Subs Inp Report'!AJ29="X",1,IF('Prop Subs Inp Report'!AK29="X",1,IF('Prop Subs Inp Report'!AL29="X",1,IF('Prop Subs Inp Report'!AM29="X",1,IF('Prop Subs Inp Report'!AN29="X",1,IF('Prop Subs Inp Report'!AO29="X",1,IF('Prop Subs Inp Report'!AP29="X",1, IF('Prop Subs Inp Report'!AQ29="X",1,0)))))))))))))) -> 0 | J22: =IF('Prop Subs Inp Report'!AV29="X",1,IF('Prop Subs Inp Report'!AW29="X",1,IF('Prop Subs Inp Report'!AX29="X",1,IF('Prop Subs Inp Report'!AY29="X",1,IF('Prop Subs Inp Report'!AZ29="X",1,IF('Prop Subs Inp Report'!BA29="X",1,IF('Prop Subs Inp Report'!BB29="X",1,IF('Prop Subs Inp Report'!BC29="X",1,IF('Prop Subs Inp Report'!BD29="X",1,IF('Prop Subs Inp Report'!BE29="X",1,IF('Prop Subs Inp Report'!BF29="X",1,0))))))))))) -> 0
A23: ='Prop Subs Inp Report'!BC8 -> Minimum OD: | B23: ='Prop Subs Inp Report'!BC7 -> 0 | I23: =IF('Prop Subs Inp Report'!AD30="X",1,IF('Prop Subs Inp Report'!AE30="X",1,IF('Prop Subs Inp Report'!AF30="X",1,IF('Prop Subs Inp Report'!AG30="X",1,IF('Prop Subs Inp Report'!AH30="X",1,IF('Prop Subs Inp Report'!AI30="X",1,IF('Prop Subs Inp Report'!AJ30="X",1,IF('Prop Subs Inp Report'!AK30="X",1,IF('Prop Subs Inp Report'!AL30="X",1,IF('Prop Subs Inp Report'!AM30="X",1,IF('Prop Subs Inp Report'!AN30="X",1,IF('Prop Subs Inp Report'!AO30="X",1,IF('Prop Subs Inp Report'!AP30="X",1, IF('Prop Subs Inp Report'!AQ30="X",1,0)))))))))))))) -> 0 | J23: =IF('Prop Subs Inp Report'!AV30="X",1,IF('Prop Subs Inp Report'!AW30="X",1,IF('Prop Subs Inp Report'!AX30="X",1,IF('Prop Subs Inp Report'!AY30="X",1,IF('Prop Subs Inp Report'!AZ30="X",1,IF('Prop Subs Inp Report'!BA30="X",1,IF('Prop Subs Inp Report'!BB30="X",1,IF('Prop Subs Inp Report'!BC30="X",1,IF('Prop Subs Inp Report'!BD30="X",1,IF('Prop Subs Inp Report'!BE30="X",1,IF('Prop Subs Inp Report'!BF30="X",1,0))))))))))) -> 0
A24: ='Prop Subs Inp Report'!BD8 -> Damaged Tube: | B24: ='Prop Subs Inp Report'!BD7 -> 0 | I24: =IF('Prop Subs Inp Report'!AD31="X",1,IF('Prop Subs Inp Report'!AE31="X",1,IF('Prop Subs Inp Report'!AF31="X",1,IF('Prop Subs Inp Report'!AG31="X",1,IF('Prop Subs Inp Report'!AH31="X",1,IF('Prop Subs Inp Report'!AI31="X",1,IF('Prop Subs Inp Report'!AJ31="X",1,IF('Prop Subs Inp Report'!AK31="X",1,IF('Prop Subs Inp Report'!AL31="X",1,IF('Prop Subs Inp Report'!AM31="X",1,IF('Prop Subs Inp Report'!AN31="X",1,IF('Prop Subs Inp Report'!AO31="X",1,IF('Prop Subs Inp Report'!AP31="X",1, IF('Prop Subs Inp Report'!AQ31="X",1,0)))))))))))))) -> 0 | J24: =IF('Prop Subs Inp Report'!AV31="X",1,IF('Prop Subs Inp Report'!AW31="X",1,IF('Prop Subs Inp Report'!AX31="X",1,IF('Prop Subs Inp Report'!AY31="X",1,IF('Prop Subs Inp Report'!AZ31="X",1,IF('Prop Subs Inp Report'!BA31="X",1,IF('Prop Subs Inp Report'!BB31="X",1,IF('Prop Subs Inp Report'!BC31="X",1,IF('Prop Subs Inp Report'!BD31="X",1,IF('Prop Subs Inp Report'!BE31="X",1,IF('Prop Subs Inp Report'!BF31="X",1,0))))))))))) -> 0
A25: ='Prop Subs Inp Report'!BE8 -> EMI Reject: | B25: ='Prop Subs Inp Report'!BE7 -> 0 | I25: =IF('Prop Subs Inp Report'!AD32="X",1,IF('Prop Subs Inp Report'!AE32="X",1,IF('Prop Subs Inp Report'!AF32="X",1,IF('Prop Subs Inp Report'!AG32="X",1,IF('Prop Subs Inp Report'!AH32="X",1,IF('Prop Subs Inp Report'!AI32="X",1,IF('Prop Subs Inp Report'!AJ32="X",1,IF('Prop Subs Inp Report'!AK32="X",1,IF('Prop Subs Inp Report'!AL32="X",1,IF('Prop Subs Inp Report'!AM32="X",1,IF('Prop Subs Inp Report'!AN32="X",1,IF('Prop Subs Inp Report'!AO32="X",1,IF('Prop Subs Inp Report'!AP32="X",1, IF('Prop Subs Inp Report'!AQ32="X",1,0)))))))))))))) -> 0 | J25: =IF('Prop Subs Inp Report'!AV32="X",1,IF('Prop Subs Inp Report'!AW32="X",1,IF('Prop Subs Inp Report'!AX32="X",1,IF('Prop Subs Inp Report'!AY32="X",1,IF('Prop Subs Inp Report'!AZ32="X",1,IF('Prop Subs Inp Report'!BA32="X",1,IF('Prop Subs Inp Report'!BB32="X",1,IF('Prop Subs Inp Report'!BC32="X",1,IF('Prop Subs Inp Report'!BD32="X",1,IF('Prop Subs Inp Report'!BE32="X",1,IF('Prop Subs Inp Report'!BF32="X",1,0))))))))))) -> 0
A26: ='Prop Subs Inp Report'!BF8 -> Other: | B26: ='Prop Subs Inp Report'!BF7 -> 0 | I26: =IF('Prop Subs Inp Report'!AD33="X",1,IF('Prop Subs Inp Report'!AE33="X",1,IF('Prop Subs Inp Report'!AF33="X",1,IF('Prop Subs Inp Report'!AG33="X",1,IF('Prop Subs Inp Report'!AH33="X",1,IF('Prop Subs Inp Report'!AI33="X",1,IF('Prop Subs Inp Report'!AJ33="X",1,IF('Prop Subs Inp Report'!AK33="X",1,IF('Prop Subs Inp Report'!AL33="X",1,IF('Prop Subs Inp Report'!AM33="X",1,IF('Prop Subs Inp Report'!AN33="X",1,IF('Prop Subs Inp Report'!AO33="X",1,IF('Prop Subs Inp Report'!AP33="X",1, IF('Prop Subs Inp Report'!AQ33="X",1,0)))))))))))))) -> 0 | J26: =IF('Prop Subs Inp Report'!AV33="X",1,IF('Prop Subs Inp Report'!AW33="X",1,IF('Prop Subs Inp Report'!AX33="X",1,IF('Prop Subs Inp Report'!AY33="X",1,IF('Prop Subs Inp Report'!AZ33="X",1,IF('Prop Subs Inp Report'!BA33="X",1,IF('Prop Subs Inp Report'!BB33="X",1,IF('Prop Subs Inp Report'!BC33="X",1,IF('Prop Subs Inp Report'!BD33="X",1,IF('Prop Subs Inp Report'!BE33="X",1,IF('Prop Subs Inp Report'!BF33="X",1,0))))))))))) -> 0
I27: =IF('Prop Subs Inp Report'!AD34="X",1,IF('Prop Subs Inp Report'!AE34="X",1,IF('Prop Subs Inp Report'!AF34="X",1,IF('Prop Subs Inp Report'!AG34="X",1,IF('Prop Subs Inp Report'!AH34="X",1,IF('Prop Subs Inp Report'!AI34="X",1,IF('Prop Subs Inp Report'!AJ34="X",1,IF('Prop Subs Inp Report'!AK34="X",1,IF('Prop Subs Inp Report'!AL34="X",1,IF('Prop Subs Inp Report'!AM34="X",1,IF('Prop Subs Inp Report'!AN34="X",1,IF('Prop Subs Inp Report'!AO34="X",1,IF('Prop Subs Inp Report'!AP34="X",1, IF('Prop Subs Inp Report'!AQ34="X",1,0)))))))))))))) -> 0 | J27: =IF('Prop Subs Inp Report'!AV34="X",1,IF('Prop Subs Inp Report'!AW34="X",1,IF('Prop Subs Inp Report'!AX34="X",1,IF('Prop Subs Inp Report'!AY34="X",1,IF('Prop Subs Inp Report'!AZ34="X",1,IF('Prop Subs Inp Report'!BA34="X",1,IF('Prop Subs Inp Report'!BB34="X",1,IF('Prop Subs Inp Report'!BC34="X",1,IF('Prop Subs Inp Report'!BD34="X",1,IF('Prop Subs Inp Report'!BE34="X",1,IF('Prop Subs Inp Report'!BF34="X",1,0))))))))))) -> 0
I28: =IF('Prop Subs Inp Report'!AD35="X",1,IF('Prop Subs Inp Report'!AE35="X",1,IF('Prop Subs Inp Report'!AF35="X",1,IF('Prop Subs Inp Report'!AG35="X",1,IF('Prop Subs Inp Report'!AH35="X",1,IF('Prop Subs Inp Report'!AI35="X",1,IF('Prop Subs Inp Report'!AJ35="X",1,IF('Prop Subs Inp Report'!AK35="X",1,IF('Prop Subs Inp Report'!AL35="X",1,IF('Prop Subs Inp Report'!AM35="X",1,IF('Prop Subs Inp Report'!AN35="X",1,IF('Prop Subs Inp Report'!AO35="X",1,IF('Prop Subs Inp Report'!AP35="X",1, IF('Prop Subs Inp Report'!AQ35="X",1,0)))))))))))))) -> 0 | J28: =IF('Prop Subs Inp Report'!AV35="X",1,IF('Prop Subs Inp Report'!AW35="X",1,IF('Prop Subs Inp Report'!AX35="X",1,IF('Prop Subs Inp Report'!AY35="X",1,IF('Prop Subs Inp Report'!AZ35="X",1,IF('Prop Subs Inp Report'!BA35="X",1,IF('Prop Subs Inp Report'!BB35="X",1,IF('Prop Subs Inp Report'!BC35="X",1,IF('Prop Subs Inp Report'!BD35="X",1,IF('Prop Subs Inp Report'!BE35="X",1,IF('Prop Subs Inp Report'!BF35="X",1,0))))))))))) -> 0
I29: =IF('Prop Subs Inp Report'!AD36="X",1,IF('Prop Subs Inp Report'!AE36="X",1,IF('Prop Subs Inp Report'!AF36="X",1,IF('Prop Subs Inp Report'!AG36="X",1,IF('Prop Subs Inp Report'!AH36="X",1,IF('Prop Subs Inp Report'!AI36="X",1,IF('Prop Subs Inp Report'!AJ36="X",1,IF('Prop Subs Inp Report'!AK36="X",1,IF('Prop Subs Inp Report'!AL36="X",1,IF('Prop Subs Inp Report'!AM36="X",1,IF('Prop Subs Inp Report'!AN36="X",1,IF('Prop Subs Inp Report'!AO36="X",1,IF('Prop Subs Inp Report'!AP36="X",1, IF('Prop Subs Inp Report'!AQ36="X",1,0)))))))))))))) -> 0 | J29: =IF('Prop Subs Inp Report'!AV36="X",1,IF('Prop Subs Inp Report'!AW36="X",1,IF('Prop Subs Inp Report'!AX36="X",1,IF('Prop Subs Inp Report'!AY36="X",1,IF('Prop Subs Inp Report'!AZ36="X",1,IF('Prop Subs Inp Report'!BA36="X",1,IF('Prop Subs Inp Report'!BB36="X",1,IF('Prop Subs Inp Report'!BC36="X",1,IF('Prop Subs Inp Report'!BD36="X",1,IF('Prop Subs Inp Report'!BE36="X",1,IF('Prop Subs Inp Report'!BF36="X",1,0))))))))))) -> 0
I30: =IF('Prop Subs Inp Report'!AD37="X",1,IF('Prop Subs Inp Report'!AE37="X",1,IF('Prop Subs Inp Report'!AF37="X",1,IF('Prop Subs Inp Report'!AG37="X",1,IF('Prop Subs Inp Report'!AH37="X",1,IF('Prop Subs Inp Report'!AI37="X",1,IF('Prop Subs Inp Report'!AJ37="X",1,IF('Prop Subs Inp Report'!AK37="X",1,IF('Prop Subs Inp Report'!AL37="X",1,IF('Prop Subs Inp Report'!AM37="X",1,IF('Prop Subs Inp Report'!AN37="X",1,IF('Prop Subs Inp Report'!AO37="X",1,IF('Prop Subs Inp Report'!AP37="X",1, IF('Prop Subs Inp Report'!AQ37="X",1,0)))))))))))))) -> 0 | J30: =IF('Prop Subs Inp Report'!AV37="X",1,IF('Prop Subs Inp Report'!AW37="X",1,IF('Prop Subs Inp Report'!AX37="X",1,IF('Prop Subs Inp Report'!AY37="X",1,IF('Prop Subs Inp Report'!AZ37="X",1,IF('Prop Subs Inp Report'!BA37="X",1,IF('Prop Subs Inp Report'!BB37="X",1,IF('Prop Subs Inp Report'!BC37="X",1,IF('Prop Subs Inp Report'!BD37="X",1,IF('Prop Subs Inp Report'!BE37="X",1,IF('Prop Subs Inp Report'!BF37="X",1,0))))))))))) -> 0
I31: =IF('Prop Subs Inp Report'!AD38="X",1,IF('Prop Subs Inp Report'!AE38="X",1,IF('Prop Subs Inp Report'!AF38="X",1,IF('Prop Subs Inp Report'!AG38="X",1,IF('Prop Subs Inp Report'!AH38="X",1,IF('Prop Subs Inp Report'!AI38="X",1,IF('Prop Subs Inp Report'!AJ38="X",1,IF('Prop Subs Inp Report'!AK38="X",1,IF('Prop Subs Inp Report'!AL38="X",1,IF('Prop Subs Inp Report'!AM38="X",1,IF('Prop Subs Inp Report'!AN38="X",1,IF('Prop Subs Inp Report'!AO38="X",1,IF('Prop Subs Inp Report'!AP38="X",1, IF('Prop Subs Inp Report'!AQ38="X",1,0)))))))))))))) -> 0 | J31: =IF('Prop Subs Inp Report'!AV38="X",1,IF('Prop Subs Inp Report'!AW38="X",1,IF('Prop Subs Inp Report'!AX38="X",1,IF('Prop Subs Inp Report'!AY38="X",1,IF('Prop Subs Inp Report'!AZ38="X",1,IF('Prop Subs Inp Report'!BA38="X",1,IF('Prop Subs Inp Report'!BB38="X",1,IF('Prop Subs Inp Report'!BC38="X",1,IF('Prop Subs Inp Report'!BD38="X",1,IF('Prop Subs Inp Report'!BE38="X",1,IF('Prop Subs Inp Report'!BF38="X",1,0))))))))))) -> 0
I32: =IF('Prop Subs Inp Report'!AD39="X",1,IF('Prop Subs Inp Report'!AE39="X",1,IF('Prop Subs Inp Report'!AF39="X",1,IF('Prop Subs Inp Report'!AG39="X",1,IF('Prop Subs Inp Report'!AH39="X",1,IF('Prop Subs Inp Report'!AI39="X",1,IF('Prop Subs Inp Report'!AJ39="X",1,IF('Prop Subs Inp Report'!AK39="X",1,IF('Prop Subs Inp Report'!AL39="X",1,IF('Prop Subs Inp Report'!AM39="X",1,IF('Prop Subs Inp Report'!AN39="X",1,IF('Prop Subs Inp Report'!AO39="X",1,IF('Prop Subs Inp Report'!AP39="X",1, IF('Prop Subs Inp Report'!AQ39="X",1,0)))))))))))))) -> 0 | J32: =IF('Prop Subs Inp Report'!AV39="X",1,IF('Prop Subs Inp Report'!AW39="X",1,IF('Prop Subs Inp Report'!AX39="X",1,IF('Prop Subs Inp Report'!AY39="X",1,IF('Prop Subs Inp Report'!AZ39="X",1,IF('Prop Subs Inp Report'!BA39="X",1,IF('Prop Subs Inp Report'!BB39="X",1,IF('Prop Subs Inp Report'!BC39="X",1,IF('Prop Subs Inp Report'!BD39="X",1,IF('Prop Subs Inp Report'!BE39="X",1,IF('Prop Subs Inp Report'!BF39="X",1,0))))))))))) -> 0
I33: =IF('Prop Subs Inp Report'!AD40="X",1,IF('Prop Subs Inp Report'!AE40="X",1,IF('Prop Subs Inp Report'!AF40="X",1,IF('Prop Subs Inp Report'!AG40="X",1,IF('Prop Subs Inp Report'!AH40="X",1,IF('Prop Subs Inp Report'!AI40="X",1,IF('Prop Subs Inp Report'!AJ40="X",1,IF('Prop Subs Inp Report'!AK40="X",1,IF('Prop Subs Inp Report'!AL40="X",1,IF('Prop Subs Inp Report'!AM40="X",1,IF('Prop Subs Inp Report'!AN40="X",1,IF('Prop Subs Inp Report'!AO40="X",1,IF('Prop Subs Inp Report'!AP40="X",1, IF('Prop Subs Inp Report'!AQ40="X",1,0)))))))))))))) -> 0 | J33: =IF('Prop Subs Inp Report'!AV40="X",1,IF('Prop Subs Inp Report'!AW40="X",1,IF('Prop Subs Inp Report'!AX40="X",1,IF('Prop Subs Inp Report'!AY40="X",1,IF('Prop Subs Inp Report'!AZ40="X",1,IF('Prop Subs Inp Report'!BA40="X",1,IF('Prop Subs Inp Report'!BB40="X",1,IF('Prop Subs Inp Report'!BC40="X",1,IF('Prop Subs Inp Report'!BD40="X",1,IF('Prop Subs Inp Report'!BE40="X",1,IF('Prop Subs Inp Report'!BF40="X",1,0))))))))))) -> 0
I34: =IF('Prop Subs Inp Report'!AD41="X",1,IF('Prop Subs Inp Report'!AE41="X",1,IF('Prop Subs Inp Report'!AF41="X",1,IF('Prop Subs Inp Report'!AG41="X",1,IF('Prop Subs Inp Report'!AH41="X",1,IF('Prop Subs Inp Report'!AI41="X",1,IF('Prop Subs Inp Report'!AJ41="X",1,IF('Prop Subs Inp Report'!AK41="X",1,IF('Prop Subs Inp Report'!AL41="X",1,IF('Prop Subs Inp Report'!AM41="X",1,IF('Prop Subs Inp Report'!AN41="X",1,IF('Prop Subs Inp Report'!AO41="X",1,IF('Prop Subs Inp Report'!AP41="X",1, IF('Prop Subs Inp Report'!AQ41="X",1,0)))))))))))))) -> 0 | J34: =IF('Prop Subs Inp Report'!AV41="X",1,IF('Prop Subs Inp Report'!AW41="X",1,IF('Prop Subs Inp Report'!AX41="X",1,IF('Prop Subs Inp Report'!AY41="X",1,IF('Prop Subs Inp Report'!AZ41="X",1,IF('Prop Subs Inp Report'!BA41="X",1,IF('Prop Subs Inp Report'!BB41="X",1,IF('Prop Subs Inp Report'!BC41="X",1,IF('Prop Subs Inp Report'!BD41="X",1,IF('Prop Subs Inp Report'!BE41="X",1,IF('Prop Subs Inp Report'!BF41="X",1,0))))))))))) -> 0
I35: =IF('Prop Subs Inp Report'!AD42="X",1,IF('Prop Subs Inp Report'!AE42="X",1,IF('Prop Subs Inp Report'!AF42="X",1,IF('Prop Subs Inp Report'!AG42="X",1,IF('Prop Subs Inp Report'!AH42="X",1,IF('Prop Subs Inp Report'!AI42="X",1,IF('Prop Subs Inp Report'!AJ42="X",1,IF('Prop Subs Inp Report'!AK42="X",1,IF('Prop Subs Inp Report'!AL42="X",1,IF('Prop Subs Inp Report'!AM42="X",1,IF('Prop Subs Inp Report'!AN42="X",1,IF('Prop Subs Inp Report'!AO42="X",1,IF('Prop Subs Inp Report'!AP42="X",1, IF('Prop Subs Inp Report'!AQ42="X",1,0)))))))))))))) -> 0 | J35: =IF('Prop Subs Inp Report'!AV42="X",1,IF('Prop Subs Inp Report'!AW42="X",1,IF('Prop Subs Inp Report'!AX42="X",1,IF('Prop Subs Inp Report'!AY42="X",1,IF('Prop Subs Inp Report'!AZ42="X",1,IF('Prop Subs Inp Report'!BA42="X",1,IF('Prop Subs Inp Report'!BB42="X",1,IF('Prop Subs Inp Report'!BC42="X",1,IF('Prop Subs Inp Report'!BD42="X",1,IF('Prop Subs Inp Report'!BE42="X",1,IF('Prop Subs Inp Report'!BF42="X",1,0))))))))))) -> 0
I36: =IF('Prop Subs Inp Report'!AD43="X",1,IF('Prop Subs Inp Report'!AE43="X",1,IF('Prop Subs Inp Report'!AF43="X",1,IF('Prop Subs Inp Report'!AG43="X",1,IF('Prop Subs Inp Report'!AH43="X",1,IF('Prop Subs Inp Report'!AI43="X",1,IF('Prop Subs Inp Report'!AJ43="X",1,IF('Prop Subs Inp Report'!AK43="X",1,IF('Prop Subs Inp Report'!AL43="X",1,IF('Prop Subs Inp Report'!AM43="X",1,IF('Prop Subs Inp Report'!AN43="X",1,IF('Prop Subs Inp Report'!AO43="X",1,IF('Prop Subs Inp Report'!AP43="X",1, IF('Prop Subs Inp Report'!AQ43="X",1,0)))))))))))))) -> 0 | J36: =IF('Prop Subs Inp Report'!AV43="X",1,IF('Prop Subs Inp Report'!AW43="X",1,IF('Prop Subs Inp Report'!AX43="X",1,IF('Prop Subs Inp Report'!AY43="X",1,IF('Prop Subs Inp Report'!AZ43="X",1,IF('Prop Subs Inp Report'!BA43="X",1,IF('Prop Subs Inp Report'!BB43="X",1,IF('Prop Subs Inp Report'!BC43="X",1,IF('Prop Subs Inp Report'!BD43="X",1,IF('Prop Subs Inp Report'!BE43="X",1,IF('Prop Subs Inp Report'!BF43="X",1,0))))))))))) -> 0
I37: =IF('Prop Subs Inp Report'!AD44="X",1,IF('Prop Subs Inp Report'!AE44="X",1,IF('Prop Subs Inp Report'!AF44="X",1,IF('Prop Subs Inp Report'!AG44="X",1,IF('Prop Subs Inp Report'!AH44="X",1,IF('Prop Subs Inp Report'!AI44="X",1,IF('Prop Subs Inp Report'!AJ44="X",1,IF('Prop Subs Inp Report'!AK44="X",1,IF('Prop Subs Inp Report'!AL44="X",1,IF('Prop Subs Inp Report'!AM44="X",1,IF('Prop Subs Inp Report'!AN44="X",1,IF('Prop Subs Inp Report'!AO44="X",1,IF('Prop Subs Inp Report'!AP44="X",1, IF('Prop Subs Inp Report'!AQ44="X",1,0)))))))))))))) -> 0 | J37: =IF('Prop Subs Inp Report'!AV44="X",1,IF('Prop Subs Inp Report'!AW44="X",1,IF('Prop Subs Inp Report'!AX44="X",1,IF('Prop Subs Inp Report'!AY44="X",1,IF('Prop Subs Inp Report'!AZ44="X",1,IF('Prop Subs Inp Report'!BA44="X",1,IF('Prop Subs Inp Report'!BB44="X",1,IF('Prop Subs Inp Report'!BC44="X",1,IF('Prop Subs Inp Report'!BD44="X",1,IF('Prop Subs Inp Report'!BE44="X",1,IF('Prop Subs Inp Report'!BF44="X",1,0))))))))))) -> 0
I38: =IF('Prop Subs Inp Report'!AD45="X",1,IF('Prop Subs Inp Report'!AE45="X",1,IF('Prop Subs Inp Report'!AF45="X",1,IF('Prop Subs Inp Report'!AG45="X",1,IF('Prop Subs Inp Report'!AH45="X",1,IF('Prop Subs Inp Report'!AI45="X",1,IF('Prop Subs Inp Report'!AJ45="X",1,IF('Prop Subs Inp Report'!AK45="X",1,IF('Prop Subs Inp Report'!AL45="X",1,IF('Prop Subs Inp Report'!AM45="X",1,IF('Prop Subs Inp Report'!AN45="X",1,IF('Prop Subs Inp Report'!AO45="X",1,IF('Prop Subs Inp Report'!AP45="X",1, IF('Prop Subs Inp Report'!AQ45="X",1,0)))))))))))))) -> 0 | J38: =IF('Prop Subs Inp Report'!AV45="X",1,IF('Prop Subs Inp Report'!AW45="X",1,IF('Prop Subs Inp Report'!AX45="X",1,IF('Prop Subs Inp Report'!AY45="X",1,IF('Prop Subs Inp Report'!AZ45="X",1,IF('Prop Subs Inp Report'!BA45="X",1,IF('Prop Subs Inp Report'!BB45="X",1,IF('Prop Subs Inp Report'!BC45="X",1,IF('Prop Subs Inp Report'!BD45="X",1,IF('Prop Subs Inp Report'!BE45="X",1,IF('Prop Subs Inp Report'!BF45="X",1,0))))))))))) -> 0
... I102: =IF('Prop Subs Inp Report'!AD109="X",1,IF('Prop Subs Inp Report'!AE109="X",1,IF('Prop Subs Inp Report'!AF109="X",1,IF('Prop Subs Inp Report'!AG109="X",1,IF('Prop Subs Inp Report'!AH109="X",1,IF('Prop Subs Inp Report'!AI109="X",1,IF('Prop Subs Inp Report'!AJ109="X",1,IF('Prop Subs Inp Report'!AK109="X",1,IF('Prop Subs Inp Report'!AL109="X",1,IF('Prop Subs Inp Report'!AM109="X",1,IF('Prop Subs Inp Report'!AN109="X",1,IF('Prop Subs Inp Report'!AO109="X",1,IF('Prop Subs Inp Report'!AP109="X",1, IF('Prop Subs Inp Report'!AQ109="X",1,0)))))))))))))) -> 0 | J102: =IF('Prop Subs Inp Report'!AV109="X",1,IF('Prop Subs Inp Report'!AW109="X",1,IF('Prop Subs Inp Report'!AX109="X",1,IF('Prop Subs Inp Report'!AY109="X",1,IF('Prop Subs Inp Report'!AZ109="X",1,IF('Prop Subs Inp Report'!BA109="X",1,IF('Prop Subs Inp Report'!BB109="X",1,IF('Prop Subs Inp Report'!BC109="X",1,IF('Prop Subs Inp Report'!BD109="X",1,IF('Prop Subs Inp Report'!BE109="X",1,IF('Prop Subs Inp Report'!BF109="X",1,0))))))))))) -> 0

Sheet Sub Count
A1: Box Reface Count | C1: Pin Reface Count
A2: R1 (Pitting/Galling) | B2: =COUNTIF('Prop Subs Inp Report'!$AA$9:$AA$1048576,"1") -> 0 | C2: R1 | D2: =COUNTIF('Prop Subs Inp Report'!$AC$9:$AC$1048576,"1") -> 0
A3: R2 (Cuts >30%) | B3: =COUNTIF('Prop Subs Inp Report'!$AA$9:$AA$1048576,"2") -> 0 | C3: R2 | D3: =COUNTIF('Prop Subs Inp Report'!$AC$9:$AC$1048576,"2") -> 0
A4: R3 (Out of Length) | B4: =COUNTIF('Prop Subs Inp Report'!$AA$9:$AA$1048576,"3") -> 0 | C4: R3 | D4: =COUNTIF('Prop Subs Inp Report'!$AC$9:$AC$1048576,"3") -> 0
A5: R4 (Handling/Stabbing) | B5: =COUNTIF('Prop Subs Inp Report'!$AA$9:$AA$1048576,"4") -> 0 | C5: R4 | D5: =COUNTIF('Prop Subs Inp Report'!$AC$9:$AC$1048576,"4") -> 0

Sheet Contractor-Operator
A2: Alta Vista | C2: Patterson
A3: Anschutz | C3: Cyclone
A4: Apache | C4: Nabors
A5: Ballard | C5: Ensign
A6: Bayswater | C6: Precision
A7: Birch Operations | C7: Capstar
A8: Bringham Operating | C8: White Mountain
A9: Bright Rock | C9: Frontier
A10: Bruin | C10: Citadel
A11: BTA | C11: H&P
A12: Burnett | C12: Latshaw
A13: Burton | C13: Cactus
... A19: Conoco | C19: Stoneham
A20: Continental
A21: Crescent Point
A22: Cristin Fishing Tool
A23: Crownquest
A24: Cutbow
A25: Cyclone
A26: Cyclone 35
A27: Denbury
A28: Devon
A29: Diamondback
A30: Encana
A31: Enerplus
... A100: Zavanna

Sheet Shop List
A1: Machine Shop | B1: Address | C1: Contact | D1: Number
A2: H&G OCTG Services | B2: 2658 6n RD, Casper WY 82604 | C2: Mike Winburn | D2: (307) 577-6000
A3: Wyoming Pipe & Tool | B3: 6925 W Cactus Ln, Casper WY 82604 | C3: Shawn Tipton | D3: (307) 237-4411
A4: Thread X | B4: 16127 US-85, Platteville CO 80651 | C4: Tim Smith | D4: (970) 785-1311
A5: Ptech/Redneck | B5: 600 Lonetree Cir, Nunn CO 80648 | C5: Randy | D5: (970) 980-6342
A6: Tuboscope (CO) | C6: Cody Dunson | D6: (720) 641-7322
A7: N/A | C7: N/A | D7: N/A
A8: ZECO | C8: N/A | D8: (435) 823-1174
A9: BTR | B9: 10285 3W St SW, Killdeer, ND 58640 | C9: NA | D9: (701) 764-7276

Sheet PATHFINDER LOCATIONS
A1: ND | B1: 2225 West Villard St, Dickinson ND 58601
A2: WY | B2: 1176 Robertson Circle, Gillette, Wyoming 82718
A3: TX | B3: 7501 Groening Street, Odessa TX 79765
B5: Jeremy Rudolph - Owner, (C) 307-438-0649
B6: Jana Streitz - Owner, (C) 406-579-2672
B7: Sean Goeppinger - Tubular Manager, (C) 307-247-3260
